WTEID,MonthID,WhitePlayer,BlackPlayer,WhiteScore,Leaderboard
1651,201408,67,32,1.0,E0
1652,201408,138,86,0.5,E0
1653,201408,3,114,0.0,E0
1654,201408,13,9,0.0,E0
1655,201408,123,42,0.0,E0
1656,201408,136,141,0.5,E0
1657,201408,19,31,0.0,E0
1658,201408,8,53,1.0,E0
1659,201408,12,65,0.0,E0
1660,201408,117,98,0.0,E0
1661,201408,42,12,0.5,E0
1662,201408,98,138,1.0,E0
1663,201408,32,19,0.0,E0
1664,201408,86,67,0.5,E0
1665,201408,53,136,0.5,E0
1666,201408,114,117,1.0,E0
1667,201408,9,123,0.5,E0
1668,201408,141,3,0.5,E0
1669,201408,31,13,1.0,E0
1670,201408,65,8,1.0,E0
1671,201408,117,3,0.5,E0
1672,201408,86,98,0.0,E0
1673,201408,65,123,0.0,E0
1674,201408,12,32,0.5,E0
1675,201408,13,141,1.0,E0
1676,201408,114,136,1.0,E0
1677,201408,19,53,0.0,E0
1678,201408,42,9,1.0,E0
1679,201408,138,67,0.5,E0
1680,201408,31,8,0.0,E0
1681,201409,67,65,0.5,E0
1682,201409,98,114,1.0,E0
1683,201409,32,117,0.5,E0
1684,201409,8,42,0.0,E0
1685,201409,53,12,1.0,E0
1686,201409,123,138,0.0,E0
1687,201409,141,31,0.5,E0
1688,201409,136,86,0.0,E0
1689,201409,3,13,1.0,E0
1690,201409,9,19,0.5,E0
1691,201409,42,67,0.0,E0
1692,201409,117,141,0.5,E0
1693,201409,12,9,0.5,E0
1694,201409,13,123,0.5,E0
1695,201409,114,53,0.0,E0
1696,201409,19,8,1.0,E0
1697,201409,86,32,0.0,E0
1698,201409,138,3,1.0,E0
1699,201409,65,98,0.5,E0
1700,201409,31,136,0.0,E0
1701,201409,67,31,0.5,E0
1702,201409,98,42,1.0,E0
1703,201409,32,138,1.0,E0
1704,201409,9,65,0.0,E0
1705,201409,8,86,0.5,E0
1706,201409,3,19,1.0,E0
1707,201409,53,13,1.0,E0
1708,201409,141,114,0.5,E0
1709,201409,136,117,1.0,E0
1710,201409,123,12,1.0,E0
1721,201410,67,9,0.5,E0
1722,201410,117,19,0.0,E0
1723,201410,32,98,0.0,E0
1724,201410,86,42,1.0,E0
1725,201410,65,31,1.0,E0
1726,201410,12,138,1.0,E0
1727,201410,53,141,1.0,E0
1728,201410,13,8,0.0,E0
1729,201410,123,114,1.0,E0
1730,201410,136,3,0.5,E0
1731,201410,8,9,0.5,E0
1732,201410,53,123,1.0,E0
1733,201410,141,67,0.0,E0
1734,201410,114,138,1.0,E0
1735,201410,136,32,0.5,E0
1736,201410,19,65,1.0,E0
1737,201410,117,86,0.0,E0
1738,201410,3,98,0.5,E0
1739,201410,31,12,0.0,E0
1740,201410,13,42,1.0,E0
1751,201408,117,9,1.0,E0
1752,201408,8,98,0.0,E0
1753,201408,3,32,1.0,E0
1754,201408,13,65,0.5,E0
1755,201408,53,138,1.0,E0
1756,201408,19,42,0.5,E0
1757,201409,141,86,0.5,E0
1758,201409,114,67,1.0,E0
1759,201409,31,123,0.0,E0
1760,201409,136,12,0.0,E0
1761,201411,67,3,0.0,E0
1762,201411,98,136,1.0,E0
1763,201411,86,19,1.0,E0
1764,201411,138,141,0.5,E0
1765,201411,65,114,1.0,E0
1766,201411,12,13,1.0,E0
1767,201411,123,117,0.0,E0
1768,201411,32,8,1.0,E0
1769,201411,9,31,0.0,E0
1770,201411,42,53,0.5,E0
1771,201411,117,42,0.5,E0
1772,201411,8,123,1.0,E0
1773,201411,3,9,1.0,E0
1774,201411,13,138,1.0,E0
1775,201411,141,98,0.5,E0
1776,201411,114,32,0.5,E0
1777,201411,136,67,0.0,E0
1778,201411,19,12,1.0,E0
1779,201411,53,65,0.0,E0
1780,201411,31,86,1.0,E0
1798,201407,42,138,1.0,E0
1799,201407,19,114,1.0,E0
1800,201408,53,3,0.0,E0
1801,201412,67,12,1.0,E0
1802,201412,117,53,1.0,E0
1803,201412,98,9,1.0,E0
1804,201412,32,123,0.5,E0
1805,201412,138,65,0.0,E0
1806,201412,141,19,0.5,E0
1807,201412,136,42,1.0,E0
1808,201412,3,8,1.0,E0
1809,201412,114,31,0.0,E0
1810,201412,86,13,1.0,E0
1811,201412,42,3,0.5,E0
1812,201412,9,114,0.0,E0
1813,201412,65,32,1.0,E0
1814,201412,13,136,1.0,E0
1815,201412,53,86,1.0,E0
1816,201412,31,117,1.0,E0
1817,201412,19,138,1.0,E0
1818,201412,8,67,0.5,E0
1819,201412,12,141,0.0,E0
1820,201412,123,98,0.0,E0
1821,201412,67,13,1.0,E0
1822,201412,117,8,0.0,E0
1823,201412,98,19,1.0,E0
1824,201412,32,53,0.0,E0
1825,201412,86,123,0.0,E0
1826,201412,138,31,0.0,E0
1827,201412,3,12,1.0,E0
1828,201412,141,9,0.0,E0
1829,201412,114,42,1.0,E0
1830,201412,136,65,0.0,E0
1831,201412,42,141,0.5,E0
1832,201412,9,138,0.0,E0
1833,201412,65,117,0.5,E0
1834,201412,12,86,1.0,E0
1835,201412,13,32,0.5,E0
1836,201412,53,98,0.5,E0
1837,201412,123,136,1.0,E0
1838,201412,31,3,0.5,E0
1839,201412,19,67,0.0,E0
1840,201412,8,114,1.0,E0
2231,201411,144,19,0.0,E0
2232,201411,86,115,1.0,E0
2233,201411,120,141,0.0,E0
2234,201411,9,98,0.0,E0
2235,201411,3,114,1.0,E0
2236,201411,53,136,1.0,E0
2237,201411,31,32,1.0,E0
2238,201412,12,65,0.0,E0
2239,201412,123,8,0.0,E0
2271,201408,42,19,0.0,E0
2272,201408,98,12,1.0,E0
2273,201408,32,136,1.0,E0
2274,201408,8,67,1.0,E0
2275,201408,115,65,0.5,E0
2276,201408,53,123,0.5,E0
2277,201408,141,9,0.0,E0
2278,201408,114,144,1.0,E0
2279,201409,3,120,0.5,E0
2280,201409,31,86,1.0,E0
2281,201411,144,42,0.5,E0
2282,201411,9,53,0.0,E0
2283,201411,136,98,0.5,E0
2284,201411,19,115,1.0,E0
2285,201412,67,3,0.5,E0
2286,201412,120,8,0.0,E0
2287,201412,12,31,0.0,E0
2288,201412,123,114,0.5,E0
2307,201408,144,120,1.0,E0
2308,201408,98,31,1.0,E0
2309,201408,32,53,0.0,E0
2310,201408,115,123,0.5,E0
2311,201408,136,3,0.0,E0
2356,201407,31,141,1.0,E0
2357,201412,32,42,1.0,E0
2358,201412,120,115,1.0,E0
2359,201412,53,144,0.0,E0
2360,201412,123,12,1.0,E0
2361,201412,141,86,0.0,E0
2362,201412,136,31,0.5,E0
2399,201407,65,42,1.0,E0
2400,201407,141,136,1.0,E0
2401,201411,144,98,0.0,E0
2402,201411,120,32,0.5,E0
2403,201411,9,86,0.0,E0
2404,201411,8,12,1.0,E0
2405,201411,65,19,1.0,E0
2406,201411,115,67,0.0,E0
2407,201411,53,3,0.5,E0
2408,201411,141,114,0.0,E0
2409,201411,31,42,1.0,E0
2410,201411,136,123,0.0,E0
5035,201408,47,144,0.5,E1
5036,201409,92,68,0.5,E1
5037,201409,109,119,0.0,E1
5038,201409,134,51,1.0,E1
5039,201409,44,21,0.0,E1
5040,201409,5,120,1.0,E1
5041,201409,69,104,1.0,E1
5042,201409,113,49,1.0,E1
5043,201409,71,118,1.0,E1
5044,201409,70,116,1.0,E1
5045,201409,48,45,0.5,E1
5046,201410,128,115,1.0,E1
5047,201408,104,109,1.0,E1
5048,201408,118,47,0.0,E1
5049,201408,116,71,0.5,E1
5050,201408,21,92,1.0,E1
5051,201408,144,44,1.0,E1
5052,201408,68,48,1.0,E1
5053,201408,120,113,0.0,E1
5054,201408,49,69,1.0,E1
5055,201408,115,70,1.0,E1
5056,201408,45,5,1.0,E1
5057,201408,51,128,1.0,E1
5058,201408,119,134,0.5,E1
5059,201408,104,5,0.5,E1
5060,201408,118,92,0.0,E1
5061,201408,116,69,0.0,E1
5062,201408,21,71,0.0,E1
5063,201408,144,48,1.0,E1
5064,201408,68,134,1.0,E1
5065,201408,49,109,0.0,E1
5066,201408,115,47,1.0,E1
5067,201408,45,44,0.0,E1
5068,201408,51,70,0.0,E1
5069,201408,119,113,0.5,E1
5070,201408,120,128,0.0,E1
5071,201408,47,21,1.0,E1
5072,201408,92,104,0.5,E1
5073,201408,109,116,1.0,E1
5074,201408,134,120,1.0,E1
5075,201408,44,68,0.5,E1
5076,201408,5,115,0.0,E1
5077,201408,69,119,0.0,E1
5078,201408,113,51,0.0,E1
5079,201408,71,45,1.0,E1
5080,201408,70,49,1.0,E1
5081,201408,48,118,1.0,E1
5082,201408,128,144,1.0,E1
5083,201408,109,68,0.5,E1
5084,201408,134,5,0.5,E1
5085,201408,120,144,0.5,E1
5086,201408,49,116,1.0,E1
5087,201408,69,45,0.0,E1
5088,201408,113,118,1.0,E1
5089,201408,115,21,0.5,E1
5090,201408,51,92,0.0,E1
5091,201408,119,71,0.0,E1
5092,201408,70,44,1.0,E1
5093,201408,48,104,1.0,E1
5094,201408,128,47,1.0,E1
5095,201409,104,49,0.5,E1
5096,201409,47,48,1.0,E1
5097,201409,118,128,0.5,E1
5098,201409,116,119,0.5,E1
5099,201409,21,51,0.5,E1
5100,201409,92,109,1.0,E1
5101,201409,144,115,0.0,E1
5102,201409,68,70,1.0,E1
5103,201409,44,69,0.0,E1
5104,201409,5,113,1.0,E1
5105,201409,45,120,1.0,E1
5106,201409,71,134,0.5,E1
5107,201409,104,119,0.0,E1
5108,201409,118,70,0.0,E1
5109,201409,116,51,1.0,E1
5110,201409,21,49,0.0,E1
5111,201409,92,115,0.0,E1
5112,201409,144,69,0.0,E1
5113,201409,68,128,0.5,E1
5114,201409,44,48,0.5,E1
5115,201409,5,109,1.0,E1
5116,201409,45,113,1.0,E1
5117,201409,47,134,0.0,E1
5118,201409,71,120,1.0,E1
5119,201409,109,118,0.5,E1
5120,201409,134,144,0.5,E1
5121,201409,120,47,0.0,E1
5122,201409,49,44,1.0,E1
5123,201409,69,92,1.0,E1
5124,201409,113,71,0.5,E1
5125,201409,115,104,0.5,E1
5126,201409,51,68,0.5,E1
5127,201409,119,45,1.0,E1
5128,201409,70,21,0.5,E1
5129,201409,128,116,1.0,E1
5130,201409,48,5,0.0,E1
5131,201409,104,120,0.0,E1
5132,201409,47,70,0.5,E1
5133,201409,118,115,0.0,E1
5134,201409,116,134,0.0,E1
5135,201409,21,48,1.0,E1
5136,201409,92,49,1.0,E1
5137,201409,144,119,1.0,E1
5138,201409,68,69,0.5,E1
5139,201409,44,113,1.0,E1
5140,201409,5,51,1.0,E1
5141,201409,71,109,0.5,E1
5142,201409,45,128,0.5,E1
5143,201409,109,144,0.5,E1
5144,201409,134,21,1.0,E1
5145,201409,69,118,0.5,E1
5146,201409,113,104,0.0,E1
5147,201409,115,68,0.0,E1
5148,201409,51,47,1.0,E1
5149,201409,119,5,0.5,E1
5150,201409,70,92,1.0,E1
5151,201409,48,71,0.5,E1
5167,201410,51,49,1.0,E1
5168,201410,104,116,0.0,E1
5169,201410,21,68,1.0,E1
5170,201410,109,69,0.0,E1
5171,201410,144,71,1.0,E1
5172,201410,120,115,1.0,E1
5173,201410,44,118,1.0,E1
5174,201410,5,47,0.5,E1
5175,201410,113,128,0.5,E1
5176,201410,45,134,0.0,E1
5177,201410,119,70,0.0,E1
5178,201410,48,92,0.5,E1
5179,201410,47,104,1.0,E1
5180,201410,118,134,0.0,E1
5181,201410,21,45,1.0,E1
5182,201410,92,119,0.5,E1
5183,201410,144,5,1.0,E1
5184,201410,68,116,1.0,E1
5185,201410,44,109,0.5,E1
5186,201410,115,49,0.5,E1
5187,201410,51,120,0.5,E1
5188,201410,70,71,0.5,E1
5189,201410,48,113,0.5,E1
5190,201410,128,69,1.0,E1
5191,201410,120,68,1.0,E1
5192,201410,104,21,0.0,E1
5193,201410,116,92,1.0,E1
5194,201410,109,51,0.5,E1
5195,201410,134,48,0.0,E1
5196,201410,5,44,0.5,E1
5197,201410,49,128,0.0,E1
5198,201410,69,70,0.5,E1
5199,201410,113,144,1.0,E1
5200,201410,71,47,0.0,E1
5201,201410,45,118,1.0,E1
5202,201410,119,115,0.5,E1
5203,201410,115,116,1.0,E1
5227,201407,116,48,1.0,E1
5228,201408,104,144,0.5,E1
5229,201408,109,47,0.5,E1
5230,201408,134,128,1.0,E1
5231,201408,120,44,1.0,E1
5232,201408,5,70,1.0,E1
5233,201408,49,118,1.0,E1
5234,201408,69,21,0.5,E1
5235,201408,113,92,0.0,E1
5236,201408,71,115,1.0,E1
5237,201408,45,68,0.0,E1
5238,201408,119,51,0.5,E1
5239,201411,92,120,1.0,E1
5240,201411,144,45,1.0,E1
5241,201411,47,49,1.0,E1
5242,201411,118,116,0.5,E1
5243,201411,21,5,0.5,E1
5244,201411,68,113,0.5,E1
5245,201411,44,119,0.5,E1
5246,201411,115,109,0.5,E1
5247,201411,51,104,0.0,E1
5248,201411,70,134,0.0,E1
5249,201411,48,69,0.5,E1
5250,201411,128,71,0.0,E1
5251,201411,104,71,1.0,E1
5252,201411,116,44,1.0,E1
5253,201411,21,113,0.5,E1
5254,201411,92,128,1.0,E1
5255,201411,109,120,0.0,E1
5256,201411,68,5,0.0,E1
5257,201411,49,134,1.0,E1
5258,201411,69,47,0.5,E1
5259,201411,115,45,0.0,E1
5260,201411,51,118,0.5,E1
5261,201411,119,48,1.0,E1
5262,201411,70,144,0.0,E1
5275,201412,109,113,0.0,E1
5276,201412,104,45,1.0,E1
5277,201412,116,5,0.5,E1
5278,201412,21,144,1.0,E1
5279,201412,92,47,1.0,E1
5280,201412,68,118,0.5,E1
5281,201412,49,120,0.0,E1
5282,201412,69,134,1.0,E1
5283,201412,115,44,1.0,E1
5284,201412,51,71,0.5,E1
5285,201412,119,128,0.0,E1
5286,201412,70,48,1.0,E1
5287,201412,113,116,0.0,E1
5288,201412,47,68,1.0,E1
5289,201412,118,21,0.0,E1
5290,201412,144,92,0.0,E1
5291,201412,134,115,0.5,E1
5292,201412,120,119,1.0,E1
5293,201412,44,104,0.0,E1
5294,201412,5,69,1.0,E1
5295,201412,71,49,0.5,E1
5296,201412,45,70,0.0,E1
5297,201412,48,51,0.0,E1
5298,201412,128,109,0.5,E1
5299,201412,104,134,0.0,E1
5300,201412,116,47,1.0,E1
5301,201412,21,120,1.0,E1
5302,201412,92,5,0.0,E1
5303,201412,109,45,0.5,E1
5304,201412,68,144,0.5,E1
5305,201412,49,48,0.0,E1
5306,201412,69,71,1.0,E1
5307,201412,115,113,1.0,E1
5308,201412,51,44,0.5,E1
5309,201412,119,118,1.0,E1
5310,201412,70,128,0.0,E1
5311,201412,47,69,0.5,E1
5312,201412,118,51,0.5,E1
5313,201412,144,70,0.0,E1
5314,201412,44,116,1.0,E1
5315,201412,113,21,0.0,E1
5316,201412,71,104,0.0,E1
5317,201412,45,115,1.0,E1
5318,201412,128,92,1.0,E1
5319,201412,120,109,0.0,E1
5320,201412,134,49,1.0,E1
5321,201412,5,68,1.0,E1
5322,201412,48,119,0.0,E1
5873,201410,138,134,1.0,E1
5874,201411,47,73,1.0,E1
5875,201411,118,69,0.0,E1
5876,201411,116,71,0.5,E1
5877,201411,109,104,1.0,E1
5878,201411,44,113,1.0,E1
5879,201411,5,13,0.0,E1
5880,201411,119,49,1.0,E1
5881,201411,70,45,0.0,E1
5882,201411,48,21,1.0,E1
5883,201411,57,117,0.0,E1
5924,201408,27,5,0.5,E1
5925,201408,118,71,0.5,E1
5926,201408,116,21,0.5,E1
5927,201408,109,73,1.0,E1
5928,201408,117,113,1.0,E1
5929,201408,68,104,0.0,E1
5930,201408,44,48,1.0,E1
5931,201408,138,70,0.5,E1
5932,201408,69,47,0.5,E1
5933,201408,45,119,0.0,E1
5934,201408,57,49,0.0,E1
5935,201410,134,13,1.0,E1
5936,201411,116,117,0.0,E1
5937,201411,109,49,1.0,E1
5938,201411,44,71,0.0,E1
5939,201411,119,48,0.0,E1
5940,201411,70,104,1.0,E1
5941,201411,57,113,0.5,E1
5977,201408,27,71,1.0,E1
5978,201408,104,13,0.0,E1
5979,201408,118,21,0.0,E1
5980,201408,109,45,0.5,E1
5981,201408,134,113,0.0,E1
5982,201408,73,44,1.0,E1
5983,201408,49,116,0.0,E1
5984,201408,69,5,1.0,E1
5985,201408,57,119,1.0,E1
5986,201409,47,117,0.0,E1
5987,201411,27,138,0.0,E1
5988,201411,118,113,1.0,E1
5989,201411,109,13,1.0,E1
5990,201411,134,116,0.5,E1
5991,201411,73,70,1.0,E1
5992,201411,49,45,0.0,E1
5993,201411,69,71,0.5,E1
5994,201411,57,5,0.0,E1
5995,201412,104,117,0.5,E1
5996,201412,47,21,0.0,E1
5997,201412,68,44,0.5,E1
5998,201412,48,119,1.0,E1
6065,201408,27,117,0.0,E1
6066,201408,47,13,1.0,E1
6067,201408,118,134,0.0,E1
6068,201408,21,45,1.0,E1
6069,201408,68,57,1.0,E1
6070,201408,73,116,0.0,E1
6071,201408,44,5,0.0,E1
6072,201408,138,109,0.0,E1
6073,201408,69,104,1.0,E1
6074,201408,71,119,0.5,E1
6075,201408,70,49,1.0,E1
6076,201408,48,113,0.0,E1
6077,201412,116,27,1.0,E1
6078,201412,109,68,1.0,E1
6079,201412,117,69,0.0,E1
6080,201412,134,44,1.0,E1
6081,201412,5,73,1.0,E1
6082,201412,49,118,1.0,E1
6083,201412,113,70,0.5,E1
6084,201412,13,71,1.0,E1
6085,201412,119,47,0.5,E1
6086,201412,57,21,0.5,E1
10772,201409,27,39,0.0,E2
10773,201409,89,127,1.0,E2
10774,201409,50,41,0.5,E2
10775,201409,1,0,1.0,E2
10776,201409,58,25,0.0,E2
10777,201409,131,75,1.0,E2
10778,201409,129,101,0.5,E2
10779,201409,102,55,0.5,E2
10780,201409,6,103,0.0,E2
10781,201409,96,43,0.0,E2
10782,201409,10,111,1.0,E2
10783,201409,57,73,0.0,E2
10784,201408,43,50,1.0,E2
10785,201408,25,6,1.0,E2
10786,201408,127,96,1.0,E2
10787,201408,39,10,1.0,E2
10788,201408,0,27,0.0,E2
10789,201408,73,129,0.0,E2
10790,201408,75,57,1.0,E2
10791,201408,55,1,0.0,E2
10792,201408,41,58,0.0,E2
10793,201408,103,131,1.0,E2
10794,201408,111,102,0.0,E2
10795,201408,101,89,0.5,E2
10796,201408,43,58,0.5,E2
10797,201408,25,131,0.0,E2
10798,201408,127,27,0.5,E2
10799,201408,39,89,0.0,E2
10800,201408,0,6,0.0,E2
10801,201408,73,102,0.5,E2
10802,201408,75,10,0.5,E2
10803,201408,55,50,1.0,E2
10804,201408,41,129,0.5,E2
10805,201408,103,96,0.0,E2
10806,201408,111,1,0.0,E2
10807,201408,101,57,0.0,E2
10808,201408,27,75,1.0,E2
10809,201408,89,103,0.0,E2
10810,201408,50,73,0.0,E2
10811,201408,1,25,0.5,E2
10812,201408,58,101,0.5,E2
10813,201408,131,127,0.5,E2
10814,201408,129,55,0.0,E2
10815,201408,102,41,1.0,E2
10816,201408,6,43,0.5,E2
10817,201408,96,39,1.0,E2
10818,201408,10,0,1.0,E2
10819,201408,57,111,0.5,E2
10820,201408,50,103,0.0,E2
10821,201408,73,41,0.0,E2
10822,201408,1,58,0.5,E2
10823,201408,75,0,1.0,E2
10824,201408,131,39,1.0,E2
10825,201408,129,25,0.0,E2
10826,201408,102,96,0.5,E2
10827,201408,6,89,0.0,E2
10828,201408,111,101,1.0,E2
10829,201408,10,127,0.5,E2
10830,201408,57,27,0.5,E2
10831,201408,55,43,0.0,E2
10839,201409,27,131,0.0,E2
10840,201409,89,10,0.0,E2
10841,201409,43,73,1.0,E2
10842,201409,25,111,1.0,E2
10843,201409,127,57,1.0,E2
10844,201409,39,1,1.0,E2
10845,201409,0,129,1.0,E2
10846,201409,58,50,0.0,E2
10847,201409,41,75,0.5,E2
10848,201409,103,55,0.5,E2
10849,201409,96,6,1.0,E2
10850,201409,101,102,1.0,E2
10851,201409,50,96,0.0,E2
10852,201409,73,39,0.5,E2
10853,201409,75,103,1.0,E2
10854,201409,131,89,0.0,E2
10855,201409,55,58,0.5,E2
10856,201409,129,43,0.0,E2
10857,201409,102,25,0.5,E2
10858,201409,6,101,1.0,E2
10859,201409,111,127,1.0,E2
10860,201409,10,41,0.5,E2
10861,201409,57,0,0.5,E2
10862,201409,1,27,0.5,E2
10863,201409,50,89,0.5,E2
10864,201409,73,25,1.0,E2
10865,201409,1,43,0.5,E2
10866,201409,75,101,0.5,E2
10867,201409,131,0,1.0,E2
10868,201409,55,41,0.5,E2
10869,201409,129,27,1.0,E2
10870,201409,102,39,1.0,E2
10871,201409,6,127,1.0,E2
10872,201409,111,58,0.0,E2
10873,201409,10,96,1.0,E2
10874,201409,57,103,1.0,E2
10875,201409,27,10,0.0,E2
10876,201409,89,129,0.5,E2
10877,201409,43,131,1.0,E2
10878,201409,25,55,0.5,E2
10879,201409,127,102,0.0,E2
10880,201409,39,57,1.0,E2
10881,201409,0,50,0.0,E2
10882,201409,58,6,0.0,E2
10883,201409,41,111,1.0,E2
10884,201409,103,1,1.0,E2
10885,201409,96,75,1.0,E2
10886,201409,101,73,1.0,E2
10887,201409,0,55,0.0,E2
10900,201411,43,25,1.0,E2
10901,201411,50,1,1.0,E2
10902,201411,39,103,0.0,E2
10903,201411,0,127,1.0,E2
10904,201411,75,111,0.0,E2
10905,201411,41,101,1.0,E2
10906,201411,129,57,1.0,E2
10907,201411,96,58,0.5,E2
10908,201412,27,89,1.0,E2
10909,201410,89,96,0.0,E2
10910,201410,25,41,0.5,E2
10911,201410,127,43,0.0,E2
10912,201410,1,73,1.0,E2
10913,201410,58,131,0.5,E2
10914,201410,55,39,1.0,E2
10915,201410,103,27,1.0,E2
10916,201410,102,129,1.0,E2
10917,201410,6,75,0.5,E2
10918,201410,111,50,0.5,E2
10919,201410,101,0,0.0,E2
10920,201410,57,10,0.5,E2
10921,201410,27,55,0.0,E2
10922,201410,43,89,0.5,E2
10923,201410,50,25,1.0,E2
10924,201410,39,101,1.0,E2
10925,201410,0,103,1.0,E2
10926,201410,73,58,0.0,E2
10927,201410,75,102,0.0,E2
10928,201410,131,1,1.0,E2
10929,201410,41,127,1.0,E2
10930,201410,129,111,0.5,E2
10931,201410,96,57,1.0,E2
10932,201410,10,6,0.0,E2
10933,201410,27,43,0.5,E2
10934,201410,127,103,1.0,E2
10935,201410,0,96,0.0,E2
10936,201410,73,131,0.5,E2
10937,201410,75,39,0.5,E2
10938,201410,41,89,1.0,E2
10939,201410,129,58,1.0,E2
10940,201410,102,1,1.0,E2
10941,201410,111,55,0.0,E2
10942,201410,10,50,0.5,E2
10943,201410,101,25,1.0,E2
10944,201410,57,6,0.0,E2
10945,201410,25,10,0.0,E2
10946,201410,58,102,0.0,E2
10960,201411,27,50,1.0,E2
10961,201411,127,55,0.0,E2
10962,201411,0,25,0.5,E2
10963,201411,73,96,0.0,E2
10964,201411,75,58,1.0,E2
10965,201411,41,39,0.5,E2
10966,201411,129,6,1.0,E2
10967,201411,102,89,0.0,E2
10968,201411,10,43,1.0,E2
10969,201411,101,103,0.5,E2
10970,201411,57,1,0.0,E2
10971,201411,89,75,0.5,E2
10972,201411,43,102,0.0,E2
10973,201411,25,27,1.0,E2
10974,201411,50,127,0.0,E2
10975,201411,39,111,0.5,E2
10976,201411,1,101,0.0,E2
10977,201411,58,0,1.0,E2
10978,201411,131,129,1.0,E2
10979,201411,55,57,0.0,E2
10980,201411,103,10,0.0,E2
10981,201411,6,73,0.0,E2
10982,201411,96,41,0.5,E2
10983,201411,131,6,0.5,E2
10984,201411,103,43,0.0,E2
10985,201411,96,55,0.5,E2
10986,201411,27,111,0.0,E2
10987,201411,89,58,1.0,E2
10988,201411,127,101,0.5,E2
10989,201411,39,25,0.5,E2
10990,201411,0,73,0.5,E2
10991,201411,75,129,0.5,E2
10992,201411,131,50,1.0,E2
10993,201411,6,41,0.0,E2
10994,201411,10,1,1.0,E2
10995,201411,57,102,0.0,E2
10998,201412,43,39,1.0,E2
10999,201412,25,89,0.0,E2
11000,201412,50,6,0.0,E2
11001,201412,73,75,0.0,E2
11002,201412,1,96,0.5,E2
11003,201412,58,103,0.0,E2
11004,201412,55,10,0.0,E2
11005,201412,41,57,0.0,E2
11006,201412,129,127,0.0,E2
11007,201412,102,131,0.5,E2
11008,201412,111,0,1.0,E2
11009,201412,101,27,1.0,E2
11010,201412,27,58,1.0,E2
11011,201412,89,111,0.5,E2
11012,201412,127,1,0.5,E2
11013,201412,39,129,0.0,E2
11014,201412,0,43,1.0,E2
11015,201412,75,25,0.0,E2
11016,201412,131,41,1.0,E2
11017,201412,103,102,0.0,E2
11018,201412,6,55,0.5,E2
11019,201412,96,101,0.5,E2
11020,201412,10,73,0.0,E2
11021,201412,57,50,0.0,E2
11022,201412,43,57,1.0,E2
11023,201412,25,103,1.0,E2
11024,201412,50,75,0.0,E2
11025,201412,73,127,1.0,E2
11026,201412,1,89,0.0,E2
11027,201412,58,39,1.0,E2
11028,201412,55,131,0.0,E2
11029,201412,41,0,0.0,E2
11030,201412,129,96,1.0,E2
11031,201412,102,27,1.0,E2
11032,201412,111,6,1.0,E2
11033,201412,101,10,0.0,E2
11034,201412,89,55,1.0,E2
11035,201412,127,25,0.5,E2
11036,201412,39,50,0.5,E2
11037,201412,0,102,0.5,E2
11038,201412,75,43,0.0,E2
11039,201412,131,101,0.0,E2
11040,201412,103,73,0.5,E2
11041,201412,6,1,0.0,E2
11042,201412,10,129,1.0,E2
11043,201412,57,58,0.0,E2
11610,201407,130,58,0.0,E2
11611,201411,89,43,0.5,E2
11612,201411,92,129,1.0,E2
11613,201411,50,75,1.0,E2
11614,201411,58,74,1.0,E2
11615,201411,131,130,1.0,E2
11616,201411,55,96,1.0,E2
11617,201411,41,139,1.0,E2
11618,201411,51,0,1.0,E2
11619,201411,10,103,1.0,E2
11620,201411,14,101,0.5,E2
11621,201411,128,102,1.0,E2
11622,201412,127,39,0.5,E2
11663,201408,89,0,0.5,E2
11664,201408,74,75,0.0,E2
11665,201408,58,103,0.0,E2
11666,201408,55,127,1.0,E2
11667,201408,41,43,0.5,E2
11668,201408,129,10,0.0,E2
11669,201408,96,130,1.0,E2
11670,201408,14,102,0.0,E2
11671,201408,101,131,0.0,E2
11672,201411,74,89,1.0,E2
11673,201411,58,43,0.0,E2
11674,201411,129,50,1.0,E2
11722,201408,92,89,1.0,E2
11723,201408,50,127,1.0,E2
11724,201408,75,39,1.0,E2
11725,201408,55,58,0.5,E2
11726,201408,41,102,0.0,E2
11727,201408,103,0,1.0,E2
11728,201408,129,74,1.0,E2
11729,201408,130,43,0.0,E2
11730,201408,139,14,1.0,E2
11731,201408,10,131,0.0,E2
11732,201408,101,128,0.0,E2
11733,201411,92,14,1.0,E2
11734,201411,50,89,0.0,E2
11735,201411,75,127,1.0,E2
11736,201411,55,131,0.0,E2
11737,201411,41,51,0.0,E2
11738,201411,103,43,0.0,E2
11739,201411,129,58,0.0,E2
11740,201411,130,39,0.5,E2
11741,201411,139,102,0.5,E2
11742,201411,10,128,0.0,E2
11743,201411,101,0,0.5,E2
11744,201412,96,74,1.0,E2
11811,201408,92,39,1.0,E2
11812,201408,103,75,1.0,E2
11813,201408,96,51,1.0,E2
11814,201411,51,89,0.5,E2
11815,201412,0,128,0.0,E2
11816,201412,58,75,1.0,E2
11817,201412,131,39,0.0,E2
11818,201412,55,129,1.0,E2
11819,201412,103,127,1.0,E2
11820,201412,102,74,1.0,E2
11821,201412,139,50,0.0,E2
11822,201412,10,92,1.0,E2
11823,201412,14,130,1.0,E2
11824,201412,101,43,0.0,E2
16530,201409,76,99,0.0,E3
16531,201409,18,130,0.5,E3
16532,201409,15,100,0.0,E3
16533,201409,95,132,1.0,E3
16534,201409,74,17,0.0,E3
16535,201409,121,40,0.0,E3
16536,201409,26,62,0.5,E3
16537,201409,125,34,0.0,E3
16538,201409,66,85,1.0,E3
16539,201409,122,107,0.0,E3
16540,201409,139,30,1.0,E3
16541,201409,14,11,0.5,E3
16542,201408,107,121,1.0,E3
16543,201408,100,76,1.0,E3
16544,201408,30,15,0.0,E3
16545,201408,17,18,0.0,E3
16546,201408,85,122,1.0,E3
16547,201408,40,125,1.0,E3
16548,201408,132,26,1.0,E3
16549,201408,62,95,1.0,E3
16550,201408,130,14,1.0,E3
16551,201408,99,139,1.0,E3
16552,201408,34,74,1.0,E3
16553,201408,11,66,0.5,E3
16554,201408,107,26,1.0,E3
16555,201408,100,74,0.5,E3
16556,201408,30,121,0.0,E3
16557,201408,17,15,0.5,E3
16558,201408,85,125,1.0,E3
16559,201408,40,122,1.0,E3
16560,201408,132,139,0.5,E3
16561,201408,62,66,1.0,E3
16562,201408,130,76,1.0,E3
16563,201408,99,18,0.0,E3
16564,201408,34,14,0.0,E3
16565,201408,11,95,0.5,E3
16566,201408,76,17,0.5,E3
16567,201408,18,30,0.0,E3
16568,201408,15,132,1.0,E3
16569,201408,95,40,0.0,E3
16570,201408,74,99,0.5,E3
16571,201408,121,85,1.0,E3
16572,201408,26,11,0.5,E3
16573,201408,125,107,0.5,E3
16574,201408,66,130,0.5,E3
16575,201408,122,62,0.0,E3
16576,201408,139,34,0.0,E3
16577,201408,14,100,0.0,E3
16578,201408,18,139,0.0,E3
16579,201408,15,76,1.0,E3
16580,201408,95,74,1.0,E3
16581,201408,100,30,1.0,E3
16582,201408,85,107,0.0,E3
16583,201408,66,26,1.0,E3
16584,201408,122,121,0.5,E3
16585,201408,132,99,1.0,E3
16586,201408,62,125,0.0,E3
16587,201408,130,17,1.0,E3
16588,201408,14,40,1.0,E3
16589,201408,11,34,0.5,E3
16600,201407,107,62,1.0,E3
16601,201408,125,95,0.5,E3
16602,201409,76,18,1.0,E3
16603,201409,107,11,1.0,E3
16604,201409,74,15,0.0,E3
16605,201409,121,95,0.0,E3
16606,201409,26,122,0.5,E3
16607,201409,30,14,0.5,E3
16608,201409,17,100,1.0,E3
16609,201409,40,132,1.0,E3
16610,201409,125,66,1.0,E3
16611,201409,99,62,1.0,E3
16612,201409,139,130,1.0,E3
16613,201409,34,85,1.0,E3
16614,201409,18,107,1.0,E3
16615,201409,15,139,1.0,E3
16616,201409,95,26,0.0,E3
16617,201409,100,99,0.0,E3
16618,201409,85,40,1.0,E3
16619,201409,66,30,1.0,E3
16620,201409,122,76,1.0,E3
16621,201409,132,34,0.0,E3
16622,201409,62,121,1.0,E3
16623,201409,130,74,1.0,E3
16624,201409,14,125,0.5,E3
16625,201409,11,17,0.5,E3
16626,201409,18,40,1.0,E3
16627,201409,15,107,1.0,E3
16628,201409,95,17,0.0,E3
16629,201409,100,121,0.5,E3
16630,201409,85,74,1.0,E3
16631,201409,66,76,0.0,E3
16632,201409,122,139,0.5,E3
16633,201409,132,30,1.0,E3
16634,201409,62,34,0.5,E3
16635,201409,130,125,0.5,E3
16636,201409,14,26,0.0,E3
16637,201409,11,99,0.0,E3
16638,201409,76,132,1.0,E3
16639,201409,107,100,1.0,E3
16640,201409,74,14,1.0,E3
16641,201409,121,11,1.0,E3
16642,201409,26,15,1.0,E3
16643,201409,30,62,0.5,E3
16644,201409,17,122,1.0,E3
16645,201409,40,66,0.0,E3
16646,201409,125,18,1.0,E3
16647,201409,99,130,1.0,E3
16648,201409,139,85,1.0,E3
16649,201409,34,95,1.0,E3
16662,201411,76,121,0.0,E3
16663,201411,18,15,1.0,E3
16664,201411,95,122,1.0,E3
16665,201411,74,139,1.0,E3
16666,201411,26,30,0.0,E3
16667,201411,17,99,1.0,E3
16668,201411,40,34,0.0,E3
16669,201411,125,11,1.0,E3
16670,201411,66,107,0.0,E3
16671,201411,62,85,0.5,E3
16672,201411,130,100,1.0,E3
16673,201411,14,132,0.0,E3
16674,201410,107,40,0.0,E3
16675,201410,15,62,1.0,E3
16676,201410,100,66,1.0,E3
16677,201410,121,125,0.0,E3
16678,201410,30,17,0.0,E3
16679,201410,85,95,0.5,E3
16680,201410,122,14,1.0,E3
16681,201410,132,74,1.0,E3
16682,201410,99,26,0.5,E3
16683,201410,139,76,1.0,E3
16684,201410,34,18,1.0,E3
16685,201410,11,130,0.0,E3
16686,201410,76,30,1.0,E3
16687,201410,18,132,0.5,E3
16688,201410,95,100,0.0,E3
16689,201410,74,107,0.0,E3
16690,201410,26,34,1.0,E3
16691,201410,17,121,1.0,E3
16692,201410,40,11,0.5,E3
16693,201410,125,99,1.0,E3
16694,201410,66,122,0.0,E3
16695,201410,62,139,1.0,E3
16696,201410,130,15,1.0,E3
16697,201410,14,85,0.5,E3
16698,201410,18,14,0.5,E3
16699,201410,95,30,1.0,E3
16700,201410,74,122,1.0,E3
16701,201410,17,66,1.0,E3
16702,201410,125,76,0.5,E3
16703,201410,132,100,1.0,E3
16704,201410,130,62,1.0,E3
16705,201410,99,15,0.5,E3
16706,201410,139,107,1.0,E3
16707,201410,34,121,0.5,E3
16708,201410,11,85,0.5,E3
16709,201410,40,26,0.0,E3
16710,201410,76,40,1.0,E3
16722,201411,95,66,1.0,E3
16723,201411,18,121,1.0,E3
16724,201411,74,76,1.0,E3
16725,201411,17,14,1.0,E3
16726,201411,40,15,1.0,E3
16727,201411,132,62,1.0,E3
16728,201411,130,85,1.0,E3
16729,201411,99,30,1.0,E3
16730,201411,139,100,1.0,E3
16731,201411,11,122,0.0,E3
16732,201411,125,26,0.5,E3
16733,201411,34,107,0.0,E3
16734,201411,76,95,1.0,E3
16735,201411,107,17,1.0,E3
16736,201411,15,125,0.0,E3
16737,201411,100,34,0.0,E3
16738,201411,121,74,1.0,E3
16739,201411,26,130,1.0,E3
16740,201411,30,11,0.0,E3
16741,201411,85,132,1.0,E3
16742,201411,66,139,1.0,E3
16743,201411,122,18,0.5,E3
16744,201411,62,40,1.0,E3
16745,201411,14,99,0.0,E3
16746,201411,76,26,0.0,E3
16747,201411,18,95,0.0,E3
16748,201411,15,121,0.0,E3
16749,201411,74,125,0.0,E3
16750,201411,100,122,0.5,E3
16751,201411,30,34,0.0,E3
16752,201411,17,85,1.0,E3
16753,201411,132,11,0.5,E3
16754,201411,130,107,1.0,E3
16755,201411,99,66,1.0,E3
16756,201411,139,40,0.5,E3
16757,201411,14,62,1.0,E3
16759,201412,107,30,1.0,E3
16760,201412,95,130,0.5,E3
16761,201412,121,14,0.0,E3
16762,201412,26,74,1.0,E3
16763,201412,85,100,0.5,E3
16764,201412,40,17,1.0,E3
16765,201412,125,139,1.0,E3
16766,201412,66,132,0.0,E3
16767,201412,122,15,1.0,E3
16768,201412,62,76,0.0,E3
16769,201412,34,99,1.0,E3
16770,201412,11,18,0.0,E3
16771,201412,99,107,0.5,E3
16772,201412,14,95,0.5,E3
16773,201412,76,34,0.5,E3
16774,201412,18,85,0.0,E3
16775,201412,15,11,0.5,E3
16776,201412,74,66,1.0,E3
16777,201412,100,62,0.5,E3
16778,201412,30,122,0.5,E3
16779,201412,17,125,1.0,E3
16780,201412,132,121,1.0,E3
16781,201412,130,40,1.0,E3
16782,201412,139,26,1.0,E3
16783,201412,107,14,1.0,E3
16784,201412,95,99,0.0,E3
16785,201412,121,139,0.0,E3
16786,201412,26,100,1.0,E3
16787,201412,85,30,0.5,E3
16788,201412,40,74,0.0,E3
16789,201412,125,132,1.0,E3
16790,201412,66,15,0.0,E3
16791,201412,122,130,0.0,E3
16792,201412,62,18,0.0,E3
16793,201412,34,17,0.5,E3
16794,201412,11,76,1.0,E3
16795,201412,18,26,1.0,E3
16796,201412,15,85,1.0,E3
16797,201412,74,11,0.0,E3
16798,201412,100,125,0.0,E3
16799,201412,30,40,0.0,E3
16800,201412,17,62,0.5,E3
16801,201412,132,122,0.0,E3
16802,201412,130,34,0.5,E3
16803,201412,99,121,0.5,E3
16804,201412,139,95,1.0,E3
16805,201412,14,66,1.0,E3
17370,201411,76,125,0.5,E3
17371,201411,18,87,0.0,E3
17372,201411,7,26,1.0,E3
17373,201411,107,100,1.0,E3
17374,201411,25,15,1.0,E3
17375,201411,121,1,0.0,E3
17376,201411,30,6,0.0,E3
17377,201411,85,111,0.0,E3
17378,201411,40,34,0.5,E3
17379,201411,66,11,0.0,E3
17380,201411,122,62,0.5,E3
17381,201411,132,99,0.5,E3
17421,201408,18,6,0.0,E3
17422,201408,7,122,0.5,E3
17423,201408,121,30,0.0,E3
17424,201408,26,62,0.5,E3
17425,201408,85,99,1.0,E3
17426,201408,40,107,0.0,E3
17427,201408,66,132,0.0,E3
17428,201408,111,25,0.5,E3
17429,201408,34,76,0.5,E3
17430,201408,11,100,0.5,E3
17431,201411,7,100,1.0,E3
17432,201411,87,66,0.0,E3
17433,201411,34,1,0.5,E3
17483,201407,15,6,0.5,E3
17484,201408,76,25,1.0,E3
17485,201408,18,11,0.0,E3
17486,201408,7,132,1.0,E3
17487,201408,26,121,0.5,E3
17488,201408,85,125,1.0,E3
17489,201408,40,99,1.0,E3
17490,201408,122,107,0.0,E3
17491,201408,62,100,0.5,E3
17492,201408,111,66,0.5,E3
17493,201408,87,1,0.0,E3
17494,201408,34,30,1.0,E3
17495,201411,76,30,0.5,E3
17496,201411,18,25,0.5,E3
17497,201411,7,121,0.0,E3
17498,201411,15,1,0.5,E3
17499,201411,26,66,0.0,E3
17500,201411,85,11,0.0,E3
17501,201411,40,125,1.0,E3
17502,201411,122,100,0.5,E3
17503,201411,62,107,0.5,E3
17504,201411,111,99,0.5,E3
17505,201411,87,6,1.0,E3
17506,201411,34,132,0.0,E3
17573,201408,125,132,0.0,E3
17574,201412,7,87,0.0,E3
17575,201412,121,62,0.0,E3
17576,201412,26,100,0.5,E3
17577,201412,1,40,0.5,E3
17578,201412,30,25,0.0,E3
17579,201412,85,6,1.0,E3
17580,201412,125,34,1.0,E3
17581,201412,66,107,1.0,E3
17582,201412,132,122,0.0,E3
17583,201412,111,15,0.5,E3
17584,201412,99,18,0.0,E3
17585,201412,11,76,0.5,E3
22275,201409,28,80,1.0,EC
22276,201409,84,63,0.0,EC
22277,201409,7,38,0.5,EC
22278,201409,60,4,0.0,EC
22279,201409,79,2,0.0,EC
22280,201409,54,108,0.0,EC
22281,201409,29,87,1.0,EC
22282,201409,91,112,0.5,EC
22283,201409,77,20,1.0,EC
22284,201409,46,142,0.0,EC
22285,201409,37,59,0.0,EC
22286,201409,135,78,0.5,EC
22287,201412,80,91,0.0,EC
22288,201412,4,7,1.0,EC
22289,201412,20,54,1.0,EC
22290,201412,59,60,1.0,EC
22291,201412,38,46,0.5,EC
22292,201412,108,37,1.0,EC
22293,201412,112,84,1.0,EC
22294,201412,78,77,0.0,EC
22295,201412,87,135,1.0,EC
22296,201412,63,79,0.5,EC
22297,201412,2,29,0.0,EC
22298,201408,142,28,1.0,EC
22299,201408,80,7,1.0,EC
22300,201408,4,91,0.0,EC
22301,201408,20,60,0.0,EC
22302,201408,142,29,0.5,EC
22303,201408,59,84,1.0,EC
22304,201408,38,54,0.5,EC
22305,201408,108,135,1.0,EC
22306,201408,112,79,1.0,EC
22307,201408,87,37,0.5,EC
22308,201408,63,77,0.5,EC
22309,201408,2,46,1.0,EC
22310,201408,78,28,0.0,EC
22311,201408,28,59,0.5,EC
22312,201408,84,2,0.0,EC
22313,201408,7,78,1.0,EC
22314,201408,60,108,0.0,EC
22315,201408,79,87,0.5,EC
22316,201408,54,142,1.0,EC
22317,201408,29,38,0.0,EC
22318,201408,91,20,1.0,EC
22319,201408,77,112,0.5,EC
22320,201408,46,4,0.0,EC
22321,201408,37,80,1.0,EC
22322,201408,135,63,0.5,EC
22323,201408,80,29,0.0,EC
22324,201408,4,79,1.0,EC
22325,201408,20,46,1.0,EC
22326,201408,142,135,1.0,EC
22327,201408,59,7,0.5,EC
22328,201408,38,84,1.0,EC
22329,201408,108,91,1.0,EC
22330,201408,112,60,0.5,EC
22331,201408,78,37,0.5,EC
22332,201408,87,28,0.5,EC
22333,201408,63,54,1.0,EC
22334,201408,2,77,0.5,EC
22335,201408,28,38,1.0,EC
22336,201408,84,20,0.0,EC
22337,201408,7,108,1.0,EC
22338,201408,79,78,1.0,EC
22339,201408,54,112,0.0,EC
22340,201408,29,60,1.0,EC
22341,201408,91,87,0.0,EC
22342,201408,77,142,1.0,EC
22343,201408,46,80,1.0,EC
22344,201408,37,4,0.0,EC
22345,201408,135,59,0.5,EC
22346,201408,2,63,0.0,EC
22359,201409,28,63,0.0,EC
22360,201409,84,80,0.5,EC
22361,201409,7,2,1.0,EC
22362,201409,60,87,0.0,EC
22363,201409,79,142,0.5,EC
22364,201409,29,78,1.0,EC
22365,201409,91,38,1.0,EC
22366,201409,77,108,0.5,EC
22367,201409,46,59,1.0,EC
22368,201409,37,112,1.0,EC
22369,201409,135,20,1.0,EC
22370,201410,54,4,0.0,EC
22371,201409,80,142,0.5,EC
22372,201409,20,112,1.0,EC
22373,201409,54,77,0.0,EC
22374,201409,59,108,1.0,EC
22375,201409,29,79,1.0,EC
22376,201409,38,87,0.0,EC
22377,201409,91,7,0.0,EC
22378,201409,46,28,0.5,EC
22379,201409,37,84,0.0,EC
22380,201409,78,4,0.5,EC
22381,201409,63,60,1.0,EC
22382,201409,2,135,1.0,EC
22383,201409,28,20,0.0,EC
22384,201409,84,78,1.0,EC
22385,201409,4,2,0.0,EC
22386,201409,7,46,1.0,EC
22387,201409,60,37,1.0,EC
22388,201409,79,54,1.0,EC
22389,201409,142,59,0.5,EC
22390,201409,108,38,0.5,EC
22391,201409,112,80,1.0,EC
22392,201409,77,29,0.5,EC
22393,201409,87,63,1.0,EC
22394,201409,135,91,1.0,EC
22395,201409,28,91,1.0,EC
22396,201409,84,46,1.0,EC
22397,201409,4,80,1.0,EC
22398,201409,7,63,1.0,EC
22399,201409,79,59,0.0,EC
22400,201409,142,20,1.0,EC
22401,201409,108,78,1.0,EC
22402,201409,112,38,0.0,EC
22403,201409,77,37,1.0,EC
22404,201409,87,54,1.0,EC
22405,201409,135,29,0.5,EC
22406,201409,60,2,1.0,EC
22407,201409,80,135,0.0,EC
22408,201409,20,108,0.5,EC
22409,201409,54,84,1.0,EC
22410,201409,59,4,0.0,EC
22411,201409,29,28,0.5,EC
22412,201409,38,60,1.0,EC
22413,201409,91,77,1.0,EC
22414,201409,46,79,0.0,EC
22415,201409,37,7,0.0,EC
22416,201409,78,87,1.0,EC
22417,201409,63,112,0.0,EC
22418,201409,2,142,1.0,EC
22419,201409,84,108,0.0,EC
22420,201409,80,77,1.0,EC
22421,201409,20,4,0.5,EC
22422,201409,54,28,1.0,EC
22423,201409,142,7,0.5,EC
22424,201409,59,87,1.0,EC
22425,201409,38,37,0.0,EC
22426,201409,91,29,0.5,EC
22427,201409,78,60,0.0,EC
22428,201409,135,79,0.5,EC
22429,201409,63,46,1.0,EC
22430,201409,2,112,1.0,EC
22443,201407,7,79,1.0,EC
22444,201407,60,28,1.0,EC
22445,201407,29,84,1.0,EC
22446,201407,38,80,0.5,EC
22447,201407,108,2,0.5,EC
22448,201407,77,4,1.0,EC
22449,201407,46,54,1.0,EC
22450,201407,37,91,0.5,EC
22451,201407,78,59,0.0,EC
22452,201408,112,135,1.0,EC
22453,201411,28,7,0.5,EC
22454,201411,84,87,1.0,EC
22455,201411,80,63,0.0,EC
22456,201411,4,112,0.5,EC
22457,201411,20,37,0.0,EC
22458,201411,79,77,0.5,EC
22459,201411,54,60,1.0,EC
22460,201411,142,108,1.0,EC
22461,201411,59,29,0.5,EC
22462,201411,91,78,1.0,EC
22463,201411,135,46,1.0,EC
22464,201411,2,38,0.0,EC
22465,201410,80,20,1.0,EC
22466,201410,7,59,0.0,EC
22467,201410,60,84,1.0,EC
22468,201410,79,28,0.5,EC
22469,201410,142,46,1.0,EC
22470,201410,29,4,0.0,EC
22471,201410,108,112,1.0,EC
22472,201410,91,2,0.5,EC
22473,201410,77,54,1.0,EC
22474,201410,37,135,1.0,EC
22475,201410,87,38,0.0,EC
22476,201410,63,78,0.0,EC
22477,201410,4,20,1.0,EC
22492,201411,84,7,0.5,EC
22493,201411,4,87,0.0,EC
22494,201411,79,135,1.0,EC
22495,201411,54,20,1.0,EC
22496,201411,59,142,0.5,EC
22497,201411,29,91,0.5,EC
22498,201411,38,108,1.0,EC
22499,201411,77,60,1.0,EC
22500,201412,112,28,0.0,EC
22501,201412,78,80,1.0,EC
22502,201412,63,2,0.5,EC
22503,201411,28,46,1.0,EC
22504,201411,84,54,0.0,EC
22505,201411,80,38,0.5,EC
22506,201411,4,78,1.0,EC
22507,201411,20,2,1.0,EC
22508,201411,7,112,0.5,EC
22509,201411,60,29,1.0,EC
22510,201411,79,37,0.5,EC
22511,201411,87,59,0.5,EC
22512,201411,135,77,0.5,EC
22513,201411,108,63,0.0,EC
22514,201411,28,142,0.0,EC
22515,201411,60,7,0.5,EC
22516,201411,54,59,0.5,EC
22517,201411,38,112,0.0,EC
22518,201411,91,79,1.0,EC
22519,201411,77,84,1.0,EC
22520,201411,46,37,0.0,EC
22521,201411,78,20,0.0,EC
22522,201411,87,29,0.5,EC
22523,201411,135,108,1.0,EC
22524,201411,63,4,0.5,EC
22525,201411,2,80,0.0,EC
22526,201411,20,135,0.0,EC
22527,201411,7,4,1.0,EC
22528,201411,79,60,0.0,EC
22529,201411,54,46,1.0,EC
22530,201411,38,63,1.0,EC
22531,201411,112,2,0.5,EC
22532,201411,77,87,1.0,EC
22533,201411,37,28,0.0,EC
22534,201411,80,112,1.0,EC
22535,201411,4,77,1.0,EC
22536,201411,7,135,1.0,EC
22537,201411,59,79,1.0,EC
22538,201411,29,54,0.0,EC
22539,201411,108,84,1.0,EC
22540,201411,91,37,1.0,EC
22541,201411,46,60,1.0,EC
22542,201411,78,38,0.5,EC
22543,201411,87,142,1.0,EC
22544,201411,63,20,1.0,EC
22545,201411,2,28,1.0,EC
22559,201409,59,63,1.0,EC
22560,201409,91,46,1.0,EC
22561,201409,78,135,0.0,EC
22562,201409,87,108,1.0,EC
22563,201410,28,77,0.0,EC
22564,201410,84,142,1.0,EC
22565,201410,29,37,0.5,EC
22566,201412,7,29,1.0,EC
22567,201412,38,59,1.0,EC
22568,201412,84,77,0.0,EC
22569,201412,80,54,0.5,EC
22570,201412,4,60,1.0,EC
22571,201412,20,87,1.0,EC
22572,201412,108,46,1.0,EC
22573,201412,112,91,1.0,EC
22574,201412,78,142,0.0,EC
22575,201412,135,28,1.0,EC
22576,201412,63,37,0.0,EC
22577,201412,2,79,0.0,EC
22578,201412,28,4,0.0,EC
22579,201412,60,80,0.0,EC
22580,201412,79,20,0.0,EC
22581,201412,54,135,1.0,EC
22582,201412,142,63,0.5,EC
22583,201412,59,112,0.0,EC
22584,201412,29,108,0.5,EC
22585,201412,91,84,1.0,EC
22586,201412,77,38,0.0,EC
22587,201412,46,78,0.5,EC
22588,201412,37,2,0.0,EC
22589,201412,87,7,0.0,EC
22590,201412,80,46,0.0,EC
22591,201412,4,54,0.5,EC
22592,201412,20,142,0.0,EC
22593,201412,7,77,1.0,EC
22594,201412,38,91,0.0,EC
22595,201412,108,60,0.0,EC
22596,201412,112,37,0.0,EC
22597,201412,135,87,0.5,EC
22598,201412,63,28,0.0,EC
23131,201407,91,84,1.0,EC
23132,201409,59,36,0.5,EC
23133,201410,135,79,0.5,EC
23134,201411,29,46,1.0,EC
23135,201411,112,143,1.0,EC
23136,201411,37,147,0.5,EC
23137,201411,63,20,1.0,EC
23138,201411,2,108,0.5,EC
23177,201408,38,37,0.5,EC
23178,201408,147,91,0.0,EC
23179,201408,143,84,0.5,EC
23180,201408,2,79,0.0,EC
23181,201411,95,84,0.0,EC
23182,201411,77,17,0.0,EC
23183,201411,143,63,1.0,EC
23184,201411,82,147,0.5,EC
23228,201407,79,60,0.0,EC
23229,201408,84,91,0.5,EC
23230,201408,4,29,0.0,EC
23231,201408,20,36,0.5,EC
23232,201408,59,95,1.0,EC
23233,201408,147,108,0.0,EC
23234,201408,77,38,0.5,EC
23235,201408,46,135,1.0,EC
23236,201408,143,17,0.5,EC
23237,201408,82,28,1.0,EC
23238,201408,63,37,1.0,EC
23239,201408,2,112,0.5,EC
23240,201411,28,60,1.0,EC
23241,201411,84,147,1.0,EC
23242,201411,20,2,1.0,EC
23243,201411,95,17,0.5,EC
23244,201411,59,143,1.0,EC
23245,201411,38,36,0.5,EC
23246,201411,112,77,1.0,EC
23247,201411,91,135,0.0,EC
23248,201411,46,82,1.0,EC
23317,201408,84,28,0.0,EC
23318,201408,20,77,0.0,EC
23319,201408,59,112,0.5,EC
23320,201408,38,63,0.5,EC
23321,201408,147,143,0.0,EC
23322,201408,17,82,1.0,EC
23323,201408,37,4,0.5,EC
23324,201408,135,36,0.0,EC
23325,201410,79,38,1.0,EC
23326,201410,63,95,0.0,EC
23327,201412,4,108,0.0,EC
23328,201412,95,147,1.0,EC
23329,201412,79,59,0.0,EC
23330,201412,38,60,1.0,EC
23331,201412,36,29,0.0,EC
23332,201412,112,135,1.0,EC
23333,201412,17,20,0.0,EC
23334,201412,77,28,0.5,EC
23335,201412,143,91,0.0,EC
23336,201412,37,82,1.0,EC
23337,201412,63,84,1.0,EC
23338,201412,2,46,1.0,EC
