Div,Date,HomeTeam,AwayTeam,FTHG,FTAG,FTR,HTHG,HTAG,HTR,Referee,HS,AS,HST,AST,HF,AF,HC,AC,HY,AY,HR,AR,B365H,B365D,B365A,BWH,BWD,BWA,IWH,IWD,IWA,LBH,LBD,LBA,PSH,PSD,PSA,WHH,WHD,WHA,VCH,VCD,VCA,Bb1X2,BbMxH,BbAvH,BbMxD,BbAvD,BbMxA,BbAvA,BbOU,BbMx>2.5,BbAv>2.5,BbMx<2.5,BbAv<2.5,BbAH,BbAHh,BbMxAHH,BbAvAHH,BbMxAHA,BbAvAHA,PSCH,PSCD,PSCA
E3,06/08/16,Accrington,Doncaster,3,2,H,2,1,H,S Stockbridge,9,18,5,9,12,12,2,7,3,2,0,0,2.7,3.4,2.75,2.7,3.1,2.45,2.55,3.1,2.55,2.62,3.1,2.75,2.7,3.28,2.86,2.7,3.1,2.7,2.63,3.4,2.75,54,2.7,2.6,3.4,3.19,2.86,2.67,44,2.05,1.97,1.87,1.79,28,0,1.93,1.88,2.03,1.94,2.57,3.19,3.11
E3,06/08/16,Blackpool,Exeter,2,0,H,1,0,H,J Brooks,17,13,4,1,14,11,4,11,1,3,0,0,2.3,3.4,3.4,2.2,3.1,3.1,2.1,3.15,3.15,2.2,3.25,3.3,2.26,3.42,3.44,2.25,3.2,3.3,2.3,3.4,3.25,54,2.3,2.21,3.42,3.24,3.45,3.24,44,2.1,2.01,1.86,1.76,28,-0.5,2.28,2.21,1.71,1.67,2.47,3.44,3.03
E3,06/08/16,Cambridge,Barnet,1,1,D,0,0,D,G Horwood,11,15,2,3,8,10,4,10,0,1,0,0,1.85,3.6,4.75,1.8,3.25,4.2,1.75,3.35,4.25,1.8,3.5,4.5,1.83,3.69,4.84,1.91,3.2,4.5,1.83,3.6,4.6,54,1.91,1.8,3.69,3.46,4.84,4.46,44,2.1,2,1.86,1.76,29,-0.5,1.83,1.79,2.13,2.03,1.77,3.88,4.93
E3,06/08/16,Cheltenham,Leyton Orient,1,1,D,0,1,A,L Probert,9,11,5,4,10,10,2,9,1,2,0,0,2.8,3.4,2.7,2.7,3.1,2.45,2.55,3.1,2.5,2.7,3.1,2.6,2.77,3.3,2.77,2.7,3.1,2.7,2.75,3.4,2.63,54,2.8,2.68,3.4,3.16,2.77,2.62,44,2.13,2.02,1.82,1.75,28,0,1.99,1.92,1.96,1.89,2.83,3.33,2.69
E3,06/08/16,Crawley Town,Wycombe,1,0,H,0,0,D,N Kinseley,13,13,5,4,18,14,4,11,2,1,1,0,3,3.4,2.5,2.8,3.2,2.3,2.8,3.05,2.35,2.9,3.2,2.4,3.01,3.31,2.56,2.9,3.2,2.5,2.88,3.4,2.5,54,3.01,2.87,3.4,3.2,2.56,2.44,44,2.18,2.05,1.82,1.73,29,0.25,1.8,1.75,2.18,2.1,3.69,3.3,2.22
E3,06/08/16,Grimsby,Morecambe,2,0,H,1,0,H,M Heywood,18,11,6,4,9,11,5,3,2,1,1,0,1.95,3.5,4.33,1.87,3.3,3.75,1.8,3.3,3.9,1.85,3.4,4.2,1.91,3.6,4.47,2,3.2,4,1.9,3.6,4.2,54,2,1.89,3.6,3.41,4.47,4.07,44,2.11,2.01,1.83,1.76,29,-0.5,1.95,1.89,2.02,1.93,1.88,3.73,4.45
E3,06/08/16,Hartlepool,Colchester,1,1,D,1,1,D,P Tierney,10,11,4,2,12,11,3,2,0,0,0,0,2.5,3.4,3,2.45,3.2,2.65,2.45,3.1,2.65,2.6,3.3,2.62,2.65,3.45,2.8,2.5,3.2,2.9,2.55,3.4,2.8,54,2.65,2.51,3.45,3.22,3,2.76,43,2.05,1.96,1.92,1.8,28,0,1.91,1.84,2.06,1.97,2.5,3.4,3.02
E3,06/08/16,Newport County,Mansfield,2,3,A,1,1,D,R Jones,9,11,3,6,16,13,5,4,2,0,0,0,2.7,3.4,2.75,2.55,3.1,2.6,2.5,3.05,2.6,2.62,3.1,2.7,2.78,3.27,2.78,2.7,3.1,2.7,2.7,3.4,2.7,54,2.78,2.63,3.4,3.16,2.78,2.68,44,2.25,2.1,1.75,1.69,28,0,1.95,1.89,1.98,1.92,2.83,3.2,2.78
E3,06/08/16,Plymouth,Luton,0,3,A,0,0,D,L Collins,7,12,3,7,7,23,8,4,1,3,0,1,2.38,3.3,3.3,2.25,3,3.1,2.2,3.05,3.05,2.25,3.2,3.3,2.29,3.35,3.45,2.4,3.1,3.1,2.3,3.3,3.3,54,2.4,2.29,3.35,3.18,3.45,3.14,44,2.2,2.1,1.77,1.69,29,-0.25,2,1.95,1.96,1.88,2.39,3.38,3.22
E3,06/08/16,Portsmouth,Carlisle,1,1,D,1,1,D,G Salisbury,23,2,9,1,5,7,10,1,0,1,0,1,1.85,3.75,4.5,1.78,3.3,4.2,1.75,3.35,4.2,1.8,3.5,4.5,1.83,3.71,4.8,1.8,3.6,4.4,1.85,3.75,4.3,54,1.85,1.8,3.75,3.47,4.8,4.4,43,2.09,1.99,1.85,1.77,29,-0.5,1.88,1.81,2.1,2.01,1.81,3.73,4.91
E3,06/08/16,Stevenage,Crewe,1,2,A,0,0,D,K Johnson,7,16,2,7,18,4,3,9,2,1,0,0,2.4,3.5,3.1,2.3,3.2,2.8,2.25,3.1,2.9,2.3,3.3,3,2.36,3.43,3.22,2.4,3.1,3.1,2.3,3.5,3.1,54,2.5,2.35,3.5,3.24,3.22,2.97,44,2.14,2.03,1.83,1.74,29,-0.25,2.1,2.01,1.89,1.82,2.24,3.46,3.45
E3,06/08/16,Yeovil,Notts County,2,0,H,2,0,H,O Yates,13,10,5,4,11,11,1,5,0,0,0,0,2.5,3.4,3,2.4,3,2.85,2.35,3.1,2.75,2.4,3.3,2.9,2.48,3.4,3.05,2.5,3.2,2.9,2.45,3.4,3,54,2.5,2.42,3.4,3.22,3.05,2.88,43,2.08,2,1.85,1.77,29,-0.25,2.16,2.09,1.82,1.76,2.69,3.32,2.84
E3,13/08/16,Barnet,Accrington,2,0,H,1,0,H,L Collins,12,20,4,7,12,6,5,7,1,0,0,0,3,3.5,2.45,2.75,3.2,2.35,2.85,3.1,2.3,2.9,3.25,2.4,3.08,3.48,2.42,3,3.4,2.3,2.9,3.5,2.4,53,3.1,2.94,3.5,3.24,2.5,2.38,40,2.16,2.07,1.78,1.72,25,0,2.23,2.14,1.77,1.71,2.53,3.6,2.84
E3,13/08/16,Carlisle,Plymouth,1,0,H,1,0,H,A Haines,10,4,1,1,11,16,8,4,1,3,0,0,2.38,3.4,3.2,2.4,3.1,2.8,2.25,3.1,2.9,2.3,3.3,3,2.4,3.44,3.15,2.4,3.1,3.1,2.3,3.4,3.2,51,2.45,2.35,3.44,3.24,3.25,2.97,39,2.11,2.02,1.82,1.76,28,-0.25,2.07,2.01,1.91,1.81,2.28,3.55,3.28
E3,13/08/16,Colchester,Cambridge,2,0,H,1,0,H,O Yates,15,6,6,1,8,8,14,3,1,1,0,0,2.63,3.6,2.7,2.4,3.2,2.7,2.4,3.15,2.7,2.5,3.3,2.75,2.61,3.44,2.84,2.62,3.1,2.8,2.5,3.6,2.75,53,2.63,2.49,3.6,3.26,2.85,2.76,39,2.04,1.94,1.89,1.82,24,0,1.88,1.81,2.05,1.99,2.71,3.52,2.69
E3,13/08/16,Crewe,Portsmouth,0,0,D,0,0,D,D Whitestone,9,11,1,2,9,10,3,8,1,1,0,0,3.75,3.6,2.1,3.5,3.2,2,3.45,3.2,1.95,3.6,3.4,2,3.8,3.6,2.07,3.5,3.3,2.1,3.75,3.6,2,53,3.8,3.58,3.6,3.35,2.1,2.03,40,2.1,2.01,1.84,1.77,28,0.25,2.2,2.11,1.78,1.73,4.88,4.05,1.74
E3,13/08/16,Doncaster,Crawley Town,1,1,D,0,1,A,B Huxtable,14,5,6,2,10,13,13,4,1,3,0,0,1.7,3.8,5.75,1.67,3.4,4.75,1.6,3.5,4.85,1.67,3.6,5.25,1.7,3.84,5.6,1.7,3.4,5.5,1.7,3.8,5.4,53,1.8,1.68,3.85,3.65,5.75,5.03,40,2.06,1.97,1.87,1.8,28,-0.75,1.95,1.87,2.04,1.95,1.61,4.16,6.17
E3,13/08/16,Exeter,Hartlepool,1,2,A,1,0,H,M Heywood,12,8,4,4,12,10,4,4,3,1,0,0,2.15,3.4,3.8,2.1,3.2,3.25,2.05,3.15,3.3,2.1,3.3,3.5,2.13,3.46,3.75,2.2,3.3,3.3,2.15,3.4,3.5,53,2.2,2.11,3.46,3.29,3.8,3.43,40,2.11,2.02,1.82,1.76,28,-0.25,1.87,1.82,2.09,2,2.17,3.43,3.67
E3,13/08/16,Leyton Orient,Newport County,0,1,A,0,1,A,M Salisbury,18,8,2,1,12,16,7,1,0,2,0,0,1.73,3.8,5.5,1.62,3.5,5,1.65,3.55,4.6,1.67,3.6,5.25,1.69,3.93,5.54,1.7,3.5,5.5,1.7,3.9,5.2,53,1.73,1.66,3.94,3.72,5.6,5.04,35,1.97,1.86,1.94,1.88,26,-0.75,1.91,1.86,2.03,1.95,1.74,3.76,5.46
E3,13/08/16,Luton,Yeovil,1,1,D,1,0,H,N Kinseley,11,16,4,7,13,9,6,9,2,2,0,0,1.85,3.6,4.75,1.75,3.4,4.25,1.75,3.4,4.1,1.8,3.6,4.33,1.85,3.72,4.64,1.83,3.4,4.5,1.83,3.75,4.4,53,1.85,1.8,3.75,3.55,4.75,4.32,40,2.02,1.9,1.95,1.86,26,-0.75,2.13,2.05,1.84,1.78,1.95,3.55,4.34
E3,13/08/16,Mansfield,Cheltenham,1,1,D,0,0,D,J Busby,8,5,5,2,10,17,8,4,2,0,0,0,2.45,3.5,3,2.4,3.1,2.75,2.35,3.1,2.8,2.4,3.25,2.9,2.48,3.39,3.06,2.4,3.3,2.9,2.45,3.5,2.9,52,2.49,2.4,3.5,3.24,3.06,2.9,40,2.11,2.01,1.82,1.76,27,-0.25,2.14,2.06,1.84,1.77,2.19,3.5,3.54
E3,13/08/16,Morecambe,Blackpool,2,1,H,1,1,D,G Eltringham,11,22,5,4,11,10,3,9,2,2,0,0,3,3.4,2.5,2.7,3.1,2.45,2.7,3.1,2.4,2.88,3.25,2.4,2.98,3.39,2.53,2.9,3.2,2.5,2.9,3.4,2.5,53,3,2.83,3.4,3.21,2.63,2.47,41,2.11,2.01,1.82,1.76,25,0,2.12,2.04,1.83,1.78,3.42,3.52,2.23
E3,13/08/16,Notts County,Stevenage,1,1,D,1,1,D,R Jones,12,10,4,5,17,10,2,5,3,1,0,0,2.25,3.4,3.5,2.1,3.1,3.3,2.05,3.15,3.25,2.15,3.25,3.4,2.23,3.4,3.54,2.3,3.2,3.2,2.25,3.4,3.3,53,2.3,2.14,3.4,3.28,3.6,3.36,39,2.13,2.01,1.84,1.76,28,-0.5,2.23,2.14,1.77,1.71,2.19,3.46,3.58
E3,13/08/16,Wycombe,Grimsby,2,1,H,0,0,D,A Davies,11,17,4,5,10,14,5,9,1,2,0,0,2.38,3.4,3.2,2.25,3,3.1,2.25,3.05,3,2.3,3.2,3.1,2.4,3.34,3.23,2.3,3.2,3.2,2.4,3.4,3.1,53,2.44,2.33,3.4,3.19,3.23,3.07,41,2.2,2.1,1.76,1.69,28,-0.25,2.09,2.01,1.89,1.82,3.06,3.19,2.6
E3,16/08/16,Barnet,Blackpool,1,1,D,0,1,A,J Busby,27,14,9,4,10,7,8,6,1,3,0,0,2.63,3.4,2.88,2.6,3.1,2.55,2.45,3.05,2.65,2.6,3.2,2.75,2.67,3.35,2.83,2.6,3.2,2.75,2.6,3.4,2.75,54,2.67,2.55,3.4,3.21,2.88,2.73,41,2.15,2.06,1.78,1.72,26,0,1.9,1.84,2.04,1.97,2.72,3.24,2.86
E3,16/08/16,Carlisle,Cheltenham,1,1,D,0,0,D,M Salisbury,21,8,6,2,9,10,12,4,1,3,0,0,2.05,3.5,4,1.91,3.25,3.75,1.95,3.2,3.45,2,3.3,3.8,2.05,3.52,3.95,2.1,3.3,3.6,2.05,3.5,3.7,54,2.1,2.02,3.52,3.34,4,3.64,42,2.11,2.02,1.81,1.75,29,-0.5,2.06,2.01,1.87,1.8,2.28,3.33,3.49
E3,16/08/16,Colchester,Grimsby,3,2,H,3,0,H,K Johnson,14,11,6,6,2,17,8,3,1,2,0,0,2.5,3.4,3,2.3,3.25,2.8,2.35,3.15,2.75,2.4,3.3,2.88,2.53,3.4,2.97,2.5,3.1,3,2.45,3.5,2.9,55,2.55,2.43,3.5,3.28,3,2.85,41,2.06,1.97,1.87,1.79,28,-0.25,2.17,2.09,1.8,1.74,2.76,3.32,2.76
E3,16/08/16,Crewe,Hartlepool,3,3,D,2,1,H,B Toner,23,10,7,5,12,9,4,4,1,0,0,0,2.5,3.4,3,2.3,3.25,2.8,2.35,3.1,2.7,2.4,3.25,2.9,2.48,3.4,3.04,2.5,3.1,3,2.5,3.4,2.9,54,2.52,2.42,3.4,3.26,3.04,2.88,42,2.11,1.99,1.87,1.77,26,-0.25,2.17,2.07,1.82,1.76,2.53,3.34,3.04
E3,16/08/16,Doncaster,Cambridge,1,0,H,0,0,D,D Handley,13,4,10,0,14,12,10,4,3,3,0,0,2.2,3.4,3.6,2.2,3.2,3,2.05,3.15,3.25,2.1,3.3,3.5,2.19,3.45,3.59,2.2,3.25,3.4,2.15,3.4,3.6,53,2.25,2.13,3.45,3.31,3.6,3.37,42,2.12,2.03,1.8,1.74,27,-0.25,1.89,1.82,2.07,2.01,1.94,3.55,4.39
E3,16/08/16,Exeter,Crawley Town,0,1,A,0,0,D,L Collins,8,5,2,2,3,11,5,1,2,1,0,0,1.91,3.6,4.5,1.75,3.4,4.25,1.8,3.3,3.95,1.91,3.5,4,1.96,3.62,4.19,1.83,3.4,4.5,1.95,3.5,4.1,53,2,1.88,3.62,3.44,4.5,4.07,41,2.07,1.99,1.85,1.77,27,-0.5,1.97,1.91,1.97,1.91,2,3.36,4.39
E3,16/08/16,Leyton Orient,Stevenage,3,0,H,2,0,H,B Huxtable,17,11,7,2,12,12,3,3,0,3,0,0,1.83,3.75,4.75,1.72,3.4,4.5,1.75,3.35,4.25,1.8,3.5,4.5,1.85,3.65,4.71,1.75,3.5,5,1.8,3.75,4.6,54,1.85,1.78,3.75,3.51,5,4.48,42,2.12,2.03,1.8,1.74,26,-0.5,1.85,1.78,2.12,2.05,2.09,3.37,4.1
E3,16/08/16,Luton,Newport County,2,1,H,0,0,D,C Breakspear,15,11,8,2,15,19,7,11,0,6,1,0,1.8,3.6,5.25,1.72,3.3,4.6,1.75,3.3,4.3,1.75,3.5,4.5,1.81,3.75,4.89,1.8,3.4,4.8,1.83,3.75,4.4,54,1.83,1.78,3.75,3.48,5.25,4.55,42,2.16,2.05,1.81,1.73,28,-0.5,1.83,1.78,2.13,2.04,1.77,3.75,5.16
E3,16/08/16,Mansfield,Yeovil,1,0,H,0,0,D,J Brooks,16,7,4,3,8,15,4,6,4,4,1,0,2.1,3.4,4,1.95,3.1,3.8,2,3.1,3.5,2.05,3.25,3.6,2.13,3.39,3.83,2,3.2,4,2.1,3.4,3.7,53,2.13,2.05,3.4,3.25,4,3.66,38,2.3,2.18,1.7,1.64,27,-0.5,2.15,2.06,1.81,1.77,2.22,3.25,3.75
E3,16/08/16,Morecambe,Portsmouth,2,0,H,2,0,H,N Miller,6,25,3,7,13,8,4,14,3,2,0,0,5.25,3.8,1.75,4.25,3.4,1.75,4.5,3.5,1.65,5,3.75,1.7,5.18,3.96,1.72,5,3.5,1.75,5,3.9,1.73,54,5.25,4.74,3.97,3.67,1.8,1.71,42,1.99,1.89,1.93,1.86,29,0.5,2.25,2.15,1.74,1.69,5,3.95,1.75
E3,16/08/16,Notts County,Plymouth,1,2,A,1,2,A,M Heywood,16,8,5,7,10,17,6,3,2,5,0,0,2.5,3.3,3.1,2.35,3.2,2.8,2.3,3.05,2.85,2.4,3.25,3,2.47,3.36,3.1,2.5,3.2,2.9,2.4,3.4,3,54,2.5,2.38,3.44,3.25,3.1,2.94,41,2.18,2.07,1.8,1.71,28,-0.25,2.11,2.02,1.86,1.8,2.61,3.32,2.93
E3,16/08/16,Wycombe,Accrington,1,1,D,1,0,H,B Malone,6,13,4,5,15,12,2,9,2,3,0,0,2.45,3.3,3.2,2.3,3.2,2.8,2.3,3.05,2.9,2.4,3.1,3,2.53,3.19,3.16,2.4,3.1,3.1,2.4,3.4,3,54,2.53,2.38,3.4,3.16,3.2,3.02,38,2.37,2.23,1.67,1.61,28,-0.25,2.14,2.03,1.84,1.79,2.72,3.1,2.99
E3,20/08/16,Accrington,Exeter,1,2,A,0,0,D,R Joyce,6,10,5,4,15,15,8,7,4,3,0,0,2.1,3.5,3.75,2.1,3.2,3.2,1.95,3.25,3.45,2,3.4,3.6,2.08,3.59,3.77,2.1,3.2,3.6,2.05,3.5,3.75,54,2.1,2.01,3.59,3.36,3.77,3.6,41,2.02,1.9,1.94,1.84,28,-0.25,1.8,1.75,2.18,2.08,2.2,3.46,3.55
E3,20/08/16,Blackpool,Wycombe,0,0,D,0,0,D,O Yates,12,11,2,3,8,12,9,2,2,1,0,0,2.15,3.4,3.75,1.95,3.1,3.8,2.05,3.1,3.4,2.1,3.25,3.5,2.17,3.36,3.75,2.25,3.2,3.3,2.15,3.4,3.6,54,2.25,2.12,3.4,3.2,4,3.51,41,2.27,2.16,1.7,1.65,28,-0.25,1.88,1.83,2.05,1.99,2.4,3.08,3.52
E3,20/08/16,Cambridge,Carlisle,2,2,D,2,1,H,B Huxtable,7,16,3,6,10,8,8,11,3,1,0,0,2.6,3.4,2.9,2.25,3.1,3,2.35,3.05,2.75,2.5,3.2,2.88,2.55,3.36,2.99,2.62,3.1,2.75,2.6,3.4,2.75,53,2.62,2.47,3.4,3.18,3.05,2.84,41,2.13,2.03,1.81,1.74,28,-0.25,2.24,2.13,1.78,1.72,2.67,3.26,2.91
E3,20/08/16,Cheltenham,Doncaster,0,1,A,0,0,D,M Heywood,6,6,4,3,20,10,2,10,2,3,0,0,2.8,3.5,2.6,2.55,3.1,2.6,2.65,3.05,2.45,2.8,3.2,2.5,2.92,3.35,2.61,2.75,3.1,2.62,2.8,3.4,2.55,54,2.92,2.75,3.5,3.2,2.62,2.52,41,2.2,2.07,1.75,1.7,27,0,2.07,1.98,1.87,1.82,3.31,3.38,2.34
E3,20/08/16,Crawley Town,Barnet,1,1,D,0,1,A,L Probert,11,18,4,8,8,9,5,18,0,1,0,0,2.8,3.4,2.7,2.45,3.1,2.7,2.6,3,2.55,2.75,3.1,2.62,2.84,3.24,2.75,2.7,3.1,2.7,2.75,3.4,2.63,54,2.84,2.69,3.4,3.15,2.75,2.63,41,2.2,2.12,1.74,1.67,27,0,2.01,1.93,1.92,1.86,3.17,3.37,2.42
E3,20/08/16,Grimsby,Leyton Orient,1,2,A,0,0,D,G Salisbury,18,9,7,3,13,11,10,6,2,2,0,0,2.5,3.4,3,2.5,3.1,2.65,2.35,3.05,2.75,2.4,3.2,2.9,2.56,3.33,2.99,2.5,3.1,2.9,2.5,3.4,2.9,54,2.56,2.44,3.4,3.18,3,2.88,41,2.2,2.08,1.78,1.7,25,0,1.82,1.75,2.16,2.07,2.83,3.32,2.7
E3,20/08/16,Hartlepool,Notts County,1,2,A,1,0,H,M Salisbury,13,13,3,3,7,8,7,6,1,0,0,0,2.5,3.4,3,2.4,3.1,2.75,2.3,3.1,2.8,2.4,3.25,2.9,2.49,3.4,3.05,2.5,3.2,2.9,2.45,3.4,3,54,2.5,2.4,3.4,3.21,3.05,2.9,42,2.1,2.01,1.83,1.75,23,-0.25,2.13,2.05,1.81,1.76,2.44,3.45,3.07
E3,20/08/16,Newport County,Crewe,1,1,D,0,1,A,J Brooks,6,8,3,4,15,16,14,5,3,2,0,0,2.55,3.5,2.88,2.55,3.1,2.6,2.4,3.1,2.7,2.4,3.3,2.8,2.57,3.45,2.89,2.62,3.1,2.75,2.5,3.5,2.8,54,2.62,2.47,3.5,3.22,2.9,2.81,42,2.11,2.01,1.86,1.75,27,0,1.87,1.79,2.09,2.01,2.64,3.4,2.84
E3,20/08/16,Plymouth,Mansfield,2,0,H,2,0,H,B Malone,9,9,6,2,12,11,5,9,2,0,0,0,2.15,3.5,3.6,2.05,3.2,3.3,2.05,3.1,3.35,2.15,3.3,3.4,2.18,3.47,3.6,2.15,3.2,3.5,2.15,3.5,3.4,54,2.19,2.12,3.5,3.26,3.6,3.43,41,2.18,2.07,1.8,1.71,28,-0.25,1.9,1.84,2.04,1.97,2.15,3.48,3.67
E3,20/08/16,Portsmouth,Colchester,2,0,H,0,0,D,C Breakspear,12,5,6,3,10,14,9,3,1,2,0,0,1.65,4,6,1.67,3.5,4.75,1.6,3.65,4.95,1.62,3.8,5.25,1.67,4.01,5.69,1.62,3.75,5.5,1.65,4,5.4,54,1.68,1.62,4.01,3.81,6,5.27,41,1.92,1.84,1.98,1.9,28,-0.75,1.87,1.81,2.08,2,1.79,4.02,4.61
E3,20/08/16,Stevenage,Luton,2,1,H,0,1,A,A Haines,13,20,3,9,9,9,6,3,2,2,0,0,3,3.4,2.5,3,3.1,2.25,2.85,3.05,2.3,3,3.2,2.4,3.13,3.37,2.45,2.88,3.2,2.5,2.9,3.4,2.5,54,3.13,2.93,3.4,3.18,2.54,2.41,41,2.2,2.07,1.78,1.7,28,0.25,1.83,1.76,2.18,2.07,3.05,3.42,2.46
E3,20/08/16,Yeovil,Morecambe,0,1,A,0,0,D,J Busby,19,11,6,5,8,14,9,5,1,1,0,0,2.15,3.5,3.6,2,3.25,3.4,2.05,3.15,3.3,2.1,3.3,3.5,2.15,3.51,3.65,2.2,3.2,3.4,2.15,3.5,3.5,54,2.2,2.11,3.51,3.29,3.65,3.42,41,2.07,1.96,1.85,1.79,24,-0.25,1.87,1.82,2.07,1.99,2,3.57,4.07
E3,27/08/16,Accrington,Morecambe,2,3,A,2,1,H,M Jones,18,15,5,7,11,16,5,1,3,4,1,0,1.85,3.5,4.2,1.83,3.4,3.9,1.8,3.35,3.95,1.85,3.6,4.2,1.88,3.77,4.4,1.91,3.5,4,1.87,3.75,4.2,53,1.91,1.85,3.77,3.51,4.4,4.05,41,1.94,1.84,2.02,1.9,27,-0.5,1.91,1.85,2.04,1.95,1.91,3.79,4.23
E3,27/08/16,Barnet,Carlisle,0,1,A,0,1,A,R Jones,9,16,2,4,14,7,2,7,1,1,0,0,2.8,3.3,2.45,2.6,3,2.6,2.65,3.1,2.45,2.8,3.2,2.5,2.9,3.37,2.61,2.8,3.3,2.5,2.8,3.3,2.63,52,2.9,2.75,3.37,3.2,2.63,2.51,41,2.1,2,1.83,1.76,26,0,2.08,1.99,1.88,1.81,3.02,3.29,2.56
E3,27/08/16,Blackpool,Plymouth,0,1,A,0,0,D,N Miller,19,10,3,2,14,9,10,5,1,2,1,0,2.45,3.4,2.75,2.55,3.1,2.6,2.4,3.05,2.75,2.5,3.2,2.88,2.58,3.35,2.95,2.5,3.2,2.9,2.5,3.4,2.88,53,2.6,2.47,3.4,3.18,2.99,2.83,37,2.2,2.12,1.74,1.66,26,0,1.84,1.77,2.12,2.04,2.34,3.4,3.29
E3,27/08/16,Cambridge,Luton,0,3,A,0,0,D,D Webb,16,10,5,4,6,18,4,5,1,3,0,0,2.8,3.3,2.5,2.75,3.1,2.4,2.75,3.1,2.35,2.8,3.3,2.4,2.92,3.48,2.53,2.9,3.25,2.45,2.9,3.4,2.5,53,2.92,2.81,3.48,3.24,2.53,2.44,42,2.08,1.98,1.85,1.78,26,0,2.11,2.03,1.84,1.78,3.27,3.51,2.3
E3,27/08/16,Cheltenham,Crewe,2,0,H,2,0,H,B Huxtable,7,3,2,0,6,10,2,6,1,0,0,0,2.25,3.4,3.1,2.2,3.2,3,2.15,3.15,3.05,2.2,3.3,3.3,2.24,3.47,3.44,2.25,3.3,3.2,2.3,3.4,3.25,53,2.3,2.22,3.47,3.28,3.44,3.16,42,2.07,1.97,1.85,1.78,27,-0.25,1.97,1.91,1.99,1.91,2.22,3.5,3.46
E3,27/08/16,Crawley Town,Notts County,1,3,A,0,0,D,J Busby,6,13,2,4,12,13,5,7,3,2,0,0,2.75,3.3,2.5,2.8,3.1,2.4,2.7,3.1,2.4,2.8,3.25,2.5,2.93,3.4,2.57,2.88,3.2,2.5,2.88,3.4,2.5,53,2.93,2.81,3.4,3.2,2.57,2.47,42,2.15,2.03,1.81,1.73,26,0,2.1,2.01,1.85,1.79,3.25,3.44,2.34
E3,27/08/16,Doncaster,Yeovil,4,1,H,1,0,H,M Salisbury,17,9,8,5,12,12,4,5,1,2,0,1,1.67,3.75,5,1.67,3.5,4.6,1.65,3.45,4.8,1.7,3.6,5,1.71,3.86,5.45,1.67,3.6,5.5,1.7,3.8,5.25,53,1.72,1.67,3.86,3.62,5.5,5.03,42,2.14,2.02,1.82,1.75,27,-0.5,1.73,1.67,2.28,2.18,1.78,3.82,4.93
E3,27/08/16,Exeter,Portsmouth,0,1,A,0,0,D,G Ward,6,18,5,2,17,14,5,4,3,0,0,0,3.75,3.4,2,3.3,3.2,2.05,3.4,3.25,2,3.6,3.4,2.05,3.72,3.63,2.08,3.6,3.4,2.05,3.6,3.6,2.05,53,3.75,3.53,3.63,3.37,2.1,2.03,41,2.02,1.92,1.9,1.82,27,0.25,2.15,2.07,1.82,1.77,4.28,3.64,1.93
E3,27/08/16,Grimsby,Stevenage,5,2,H,2,1,H,D Handley,20,7,10,3,10,13,6,4,1,1,0,0,2,3.4,3.75,2.05,3.2,3.3,1.95,3.2,3.5,2,3.3,3.8,2.06,3.52,3.91,2.05,3.4,3.6,2.1,3.5,3.6,53,2.1,2.02,3.52,3.33,3.91,3.58,42,2.14,2.02,1.82,1.75,27,-0.5,2.1,2.02,1.87,1.8,1.96,3.69,4.12
E3,27/08/16,Hartlepool,Newport County,2,2,D,2,2,D,A Haines,10,11,8,3,8,16,7,5,0,2,1,0,2.05,3.3,3.6,1.95,3.3,3.5,2,3.15,3.45,2.05,3.3,3.6,2.11,3.46,3.82,2.1,3.3,3.6,2.15,3.4,3.6,53,2.16,2.05,3.46,3.29,3.9,3.56,42,2.17,2.04,1.81,1.73,27,-0.5,2.16,2.05,1.83,1.77,2.25,3.54,3.36
E3,27/08/16,Leyton Orient,Mansfield,1,2,A,0,0,D,K Johnson,11,10,1,4,11,13,8,6,2,0,0,0,2,3.3,3.8,1.95,3.25,3.6,1.9,3.25,3.65,2,3.3,3.75,2.07,3.5,3.9,2,3.4,3.75,2.05,3.5,3.75,53,2.07,1.98,3.5,3.34,3.9,3.7,41,2.13,1.99,1.85,1.77,27,-0.5,2.07,1.97,1.9,1.83,2,3.54,4.11
E3,27/08/16,Wycombe,Colchester,0,2,A,0,0,D,J Brooks,11,11,1,5,21,9,7,2,6,0,0,0,2.3,3.4,3,2.4,3.1,2.75,2.25,3.1,2.9,2.3,3.25,3,2.44,3.39,3.13,2.3,3.3,3.1,2.38,3.4,3.1,53,2.44,2.33,3.4,3.23,3.15,2.99,42,2.18,2.04,1.79,1.72,27,-0.25,2.08,1.99,1.9,1.82,2.68,3.38,2.81
E3,03/09/16,Carlisle,Accrington,1,1,D,0,0,D,C Boyeson,10,8,2,2,9,6,10,5,2,2,0,0,2.05,3.5,4,1.95,3.2,3.6,1.9,3.25,3.6,1.95,3.4,3.8,1.99,3.6,4.08,2,3.2,4,2,3.6,3.9,52,2.05,1.97,3.6,3.35,4.08,3.75,42,2.1,2.01,1.84,1.75,28,-0.5,2,1.96,1.93,1.84,1.99,3.79,3.86
E3,03/09/16,Colchester,Exeter,2,3,A,2,1,H,D Deadman,13,8,5,5,12,12,7,2,2,2,0,0,2.1,3.5,3.75,1.95,3.3,3.5,2,3.25,3.35,2.1,3.4,3.4,2.17,3.56,3.53,2.1,3.3,3.6,2.15,3.5,3.5,53,2.17,2.07,3.56,3.35,3.75,3.45,42,1.98,1.89,1.94,1.85,28,-0.5,2.16,2.06,1.82,1.77,2.02,3.71,3.85
E3,03/09/16,Crewe,Doncaster,2,1,H,1,0,H,L Probert,6,16,4,7,9,4,2,7,1,1,0,0,3.5,3.4,2.25,3.1,3.2,2.15,3.2,3.15,2.1,3.3,3.3,2.2,3.46,3.43,2.25,3.2,3.3,2.25,3.3,3.4,2.25,52,3.5,3.27,3.43,3.25,2.25,2.19,43,2.12,2.02,1.82,1.75,27,0.25,1.98,1.93,1.96,1.9,3.69,3.63,2.09
E3,03/09/16,Luton,Wycombe,4,1,H,1,0,H,G Scott,19,9,14,4,9,13,8,6,3,3,0,0,2,3.4,4.33,1.8,3.3,4.2,1.9,3.15,3.8,1.95,3.3,3.8,2.03,3.47,4.09,1.91,3.3,4.2,2.05,3.5,3.8,53,2.05,1.94,3.5,3.28,4.33,3.96,44,2.23,2.13,1.75,1.67,28,-0.5,2.04,1.96,1.95,1.85,1.83,3.69,4.77
E3,03/09/16,Mansfield,Cambridge,0,0,D,0,0,D,D Whitestone,8,2,2,0,13,13,3,5,2,1,0,0,2.2,3.5,3.5,2.1,3.2,3.2,2.05,3.15,3.25,2.15,3.3,3.3,2.23,3.46,3.48,2.25,3.2,3.3,2.15,3.5,3.4,53,2.25,2.15,3.5,3.27,3.5,3.33,44,2.13,2.03,1.81,1.74,28,-0.25,1.93,1.86,2.02,1.96,2.35,3.39,3.28
E3,03/09/16,Morecambe,Leyton Orient,1,2,A,0,1,A,J Brooks,10,15,3,7,13,10,3,7,2,1,0,0,3.6,3.4,2.2,3.25,3.25,2.05,3.2,3.2,2.05,3.4,3.3,2.1,3.6,3.54,2.15,3.3,3.3,2.2,3.4,3.5,2.15,52,3.6,3.35,3.54,3.32,2.2,2.11,42,2.03,1.93,1.91,1.82,27,0.25,2.06,1.98,1.91,1.84,3.56,3.58,2.15
E3,03/09/16,Notts County,Grimsby,2,2,D,0,1,A,N Miller,16,18,6,5,8,15,5,6,0,0,0,0,2.7,3.4,2.8,2.4,3.2,2.7,2.5,3.1,2.6,2.62,3.1,2.7,2.75,3.28,2.8,2.62,3.1,2.8,2.63,3.4,2.7,53,2.75,2.6,3.4,3.2,2.8,2.67,42,1.99,1.89,1.94,1.85,26,0,1.95,1.89,1.99,1.92,2.71,3.29,2.84
E3,03/09/16,Plymouth,Cheltenham,1,0,H,0,0,D,N Kinseley,8,9,4,2,13,17,5,4,1,3,0,0,2.2,3.4,3.6,2.05,3.1,3.4,2.05,3.15,3.35,2.15,3.3,3.4,2.19,3.45,3.59,2.1,3.3,3.6,2.15,3.4,3.5,52,2.2,2.1,3.45,3.26,3.7,3.44,43,2.18,2.07,1.77,1.71,27,-0.25,1.91,1.83,2.06,1.99,2.14,3.45,3.74
E3,03/09/16,Portsmouth,Crawley Town,3,0,H,3,0,H,B Toner,15,6,4,1,14,8,6,1,2,1,0,0,1.36,5.5,9,1.33,4.6,7.75,1.3,4.6,8.25,1.33,5,10,1.33,5.4,11.11,1.36,4.5,10,1.33,5.4,9.5,53,1.4,1.33,5.5,4.83,11.11,9.12,44,1.82,1.74,2.14,2.03,28,-1.25,1.8,1.74,2.21,2.1,1.4,4.98,9.29
E3,03/09/16,Stevenage,Hartlepool,6,1,H,2,1,H,J Busby,16,8,11,4,11,13,7,1,1,2,0,0,2.45,3.4,3.1,2.3,3.1,2.9,2.3,3.1,2.85,2.4,3.3,2.9,2.44,3.46,3.06,2.4,3.1,3.1,2.45,3.4,3,52,2.45,2.37,3.46,3.24,3.1,2.93,42,2.02,1.94,1.89,1.81,20,-0.25,2.1,2.04,1.83,1.77,2.28,3.65,3.2
E3,03/09/16,Yeovil,Blackpool,0,3,A,0,0,D,G Horwood,6,17,3,7,13,21,5,10,1,3,0,0,2.8,3.25,2.8,2.6,3,2.6,2.6,3,2.55,2.75,3,2.75,2.88,3.11,2.81,2.7,3.1,2.7,2.75,3.3,2.7,51,2.88,2.68,3.3,3.09,2.81,2.66,42,2.27,2.14,1.74,1.66,25,0,1.98,1.91,1.96,1.9,2.99,3.03,2.77
E3,10/09/16,Carlisle,Leyton Orient,2,2,D,0,1,A,B Toner,17,13,5,5,8,10,7,4,2,3,0,0,2.15,3.5,3.6,2,3.2,3.5,2.05,3.2,3.3,2.05,3.4,3.4,2.11,3.6,3.65,2.2,3.2,3.4,2.15,3.6,3.4,54,2.2,2.1,3.6,3.32,3.65,3.39,43,1.97,1.89,1.97,1.86,30,-0.25,1.9,1.82,2.09,2,2.02,3.58,3.99
E3,10/09/16,Colchester,Blackpool,3,2,H,1,1,D,B Malone,12,15,6,4,8,12,4,8,3,1,0,0,2.5,3.4,3,2.35,3.25,2.75,2.35,3.15,2.75,2.4,3.4,2.8,2.41,3.58,3.03,2.4,3.2,3,2.45,3.75,2.75,55,2.5,2.39,3.7,3.33,3.03,2.83,44,1.89,1.8,2.04,1.95,30,-0.25,2.12,2.05,1.85,1.78,2.38,3.57,3.08
E3,10/09/16,Crewe,Exeter,2,0,H,1,0,H,R Jones,8,13,5,4,11,9,6,11,1,1,0,0,2.5,3.4,3,2.25,3.2,2.9,2.3,3.2,2.75,2.4,3.4,2.88,2.48,3.56,2.93,2.4,3.2,3,2.45,3.5,2.9,55,2.5,2.37,3.56,3.33,3.1,2.86,44,1.87,1.8,2.06,1.96,30,-0.25,2.14,2.05,1.83,1.78,2.5,3.47,2.97
E3,10/09/16,Luton,Grimsby,1,2,A,0,1,A,D Deadman,12,19,4,6,10,11,8,7,3,3,0,0,2,3.75,3.8,1.95,3.2,3.6,1.9,3.3,3.6,1.91,3.5,3.8,1.98,3.7,4,2.05,3.2,3.75,2,3.75,3.7,55,2.05,1.95,3.75,3.43,4,3.76,44,1.93,1.86,1.97,1.88,29,-0.5,2,1.95,1.94,1.86,1.8,3.92,4.68
E3,10/09/16,Mansfield,Barnet,0,1,A,0,0,D,S Stockbridge,13,5,3,2,8,9,5,5,3,2,0,0,2.15,3.5,3.6,2,3.2,3.5,2,3.2,3.3,2.05,3.4,3.5,2.13,3.55,3.66,2.2,3.2,3.4,2.1,3.5,3.6,55,2.25,2.08,3.55,3.34,3.66,3.43,45,2.06,1.97,1.88,1.79,30,-0.25,1.85,1.79,2.11,2.03,2.04,3.57,3.92
E3,10/09/16,Morecambe,Doncaster,1,5,A,1,2,A,O Yates,7,19,4,8,16,8,3,7,3,1,1,0,4.75,3.75,1.83,4.2,3.5,1.75,4.25,3.5,1.7,4.33,3.6,1.8,4.58,3.77,1.85,4.33,3.4,1.85,4.4,3.75,1.83,55,4.75,4.36,3.77,3.57,1.85,1.78,44,1.91,1.82,2.05,1.94,29,0.5,2.14,2.05,1.85,1.77,4.81,4.14,1.74
E3,10/09/16,Newport County,Cheltenham,2,2,D,2,2,D,C Boyeson,18,11,6,6,8,16,9,8,1,0,0,0,2.88,3.3,2.7,2.7,3.2,2.4,2.6,3,2.55,2.7,3.25,2.62,2.78,3.38,2.72,2.7,3.1,2.7,2.75,3.3,2.7,55,2.9,2.7,3.38,3.15,2.72,2.61,44,2.28,2.15,1.74,1.66,28,0,2.02,1.93,1.95,1.87,3.1,3.42,2.44
E3,10/09/16,Notts County,Accrington,0,2,A,0,1,A,B Huxtable,1,2,0,2,11,19,9,6,2,2,0,0,2.4,3.6,3,2.2,3.2,3,2.25,3.2,2.8,2.3,3.4,3,2.35,3.58,3.12,2.4,3.2,3,2.4,3.6,2.9,55,2.4,2.32,3.6,3.33,3.12,2.94,45,1.89,1.8,2.06,1.96,30,-0.25,2.08,2,1.88,1.81,2.29,3.51,3.29
E3,10/09/16,Plymouth,Cambridge,2,1,H,1,0,H,L Probert,17,13,9,5,10,6,4,8,0,0,0,0,2,3.6,4,2,3.2,3.5,1.9,3.25,3.7,1.95,3.4,3.8,1.97,3.65,4.1,2,3.2,4,2,3.6,3.8,55,2,1.95,3.65,3.39,4.1,3.78,44,2.08,1.99,1.85,1.77,29,-0.5,2.01,1.95,1.94,1.86,2.21,3.42,3.58
E3,10/09/16,Portsmouth,Wycombe,4,2,H,3,2,H,T Robinson,17,8,9,3,9,15,5,3,2,7,0,0,1.57,4,7,1.53,3.5,6.25,1.5,3.65,5.75,1.55,3.8,6.5,1.57,4.11,6.84,1.53,3.75,7,1.55,4.1,6.5,55,1.6,1.54,4.11,3.81,7,6.28,44,2.11,2.01,1.82,1.75,30,-0.75,1.73,1.68,2.28,2.18,1.65,3.9,6.22
E3,10/09/16,Stevenage,Crawley Town,2,1,H,1,0,H,T Kettle,13,13,4,2,19,11,7,6,3,2,0,0,1.85,3.6,4.75,1.85,3.2,4,1.75,3.4,4,1.85,3.4,4.33,1.9,3.58,4.55,1.83,3.4,4.5,1.91,3.6,4.2,54,1.91,1.83,3.61,3.45,4.75,4.24,43,1.92,1.84,2,1.91,29,-0.5,1.9,1.84,2.04,1.97,1.87,3.46,4.97
E3,10/09/16,Yeovil,Hartlepool,1,2,A,0,0,D,C Breakspear,11,4,5,3,18,14,9,5,1,4,0,0,2.4,3.4,3.2,2.2,3.2,3,2.25,3.1,2.9,2.3,3.25,3,2.4,3.39,3.19,2.5,3.2,2.88,2.4,3.4,3,54,2.5,2.34,3.4,3.23,3.2,2.98,44,2.14,2.04,1.81,1.73,30,-0.25,2.08,2,1.86,1.81,2.27,3.49,3.35
E3,17/09/16,Accrington,Portsmouth,1,0,H,0,0,D,M Haywood,9,5,4,0,9,10,4,4,1,1,0,0,4.2,3.5,2,3.4,3.25,2,3.65,3.25,1.9,3.6,3.4,2,3.9,3.55,2.05,3.75,3.1,2.1,3.9,3.5,2,55,4.2,3.76,3.55,3.35,2.1,1.97,44,1.99,1.88,1.96,1.86,29,0.25,2.24,2.14,1.79,1.71,4.23,3.42,2.02
E3,17/09/16,Barnet,Colchester,1,1,D,0,1,A,B Huxtable,16,10,4,6,12,13,10,3,0,2,0,0,2.75,3.4,2.75,2.5,3.2,2.6,2.55,3.15,2.5,2.62,3.4,2.6,2.69,3.56,2.68,2.7,3.1,2.7,2.7,3.5,2.6,55,2.75,2.63,3.56,3.25,2.75,2.59,45,1.85,1.73,2.19,2.04,28,0,2,1.91,1.96,1.89,2.83,3.68,2.5
E3,17/09/16,Blackpool,Carlisle,2,2,D,0,0,D,J Adcock,21,10,7,6,8,7,8,2,1,0,0,0,2.8,3.3,2.75,2.5,3.2,2.6,2.6,3.05,2.5,2.7,3.1,2.62,2.8,3.3,2.75,2.7,3.1,2.7,2.75,3.3,2.7,54,2.8,2.65,3.3,3.16,2.75,2.63,43,2.13,2.01,1.84,1.75,28,0,1.98,1.91,1.95,1.89,3.09,3.45,2.43
E3,17/09/16,Cambridge,Morecambe,1,2,A,1,0,H,D England,17,9,4,5,8,8,4,3,1,1,0,0,1.95,3.6,4.33,1.85,3.4,3.8,1.85,3.4,3.7,1.85,3.6,4,1.91,3.74,4.27,1.91,3.2,4.33,1.93,3.7,4,55,1.95,1.87,3.74,3.46,4.33,3.99,45,1.85,1.76,2.14,2.01,29,-0.5,1.91,1.86,2.03,1.94,1.79,3.74,5.04
E3,17/09/16,Cheltenham,Notts County,2,3,A,1,2,A,J Brooks,18,10,7,3,20,11,7,3,2,3,0,0,2.38,3.4,3.2,2.25,3.2,2.95,2.2,3.1,2.95,2.3,3.2,3.1,2.41,3.34,3.22,2.4,3.1,3.1,2.38,3.4,3.1,55,2.41,2.3,3.4,3.2,3.22,3.07,44,2.09,1.98,1.86,1.78,29,-0.25,2.05,1.99,1.88,1.83,2.44,3.41,3.11
E3,17/09/16,Crawley Town,Luton,2,0,H,1,0,H,G Ward,6,11,4,4,10,13,6,4,2,2,0,0,5.25,3.8,1.75,4.75,3.5,1.67,4.4,3.5,1.65,4.75,3.75,1.73,4.96,3.92,1.76,5,3.2,1.8,4.8,3.9,1.73,55,5.4,4.78,3.92,3.63,1.8,1.7,44,1.92,1.84,2.01,1.91,29,0.75,1.95,1.9,2,1.92,4.91,3.99,1.75
E3,17/09/16,Doncaster,Newport County,2,0,H,1,0,H,D Webb,14,7,5,2,9,10,5,4,3,4,0,0,1.53,4.33,7,1.5,3.8,6,1.5,3.9,5.75,1.5,4.2,6,1.53,4.51,6.67,1.57,3.5,7,1.53,4.5,6.25,55,1.57,1.51,4.51,4.06,7,6.13,45,1.81,1.73,2.16,2.04,32,-1,1.95,1.86,2.04,1.95,1.5,4.58,7.16
E3,17/09/16,Exeter,Plymouth,0,2,A,0,2,A,D Whitestone,9,9,5,6,10,11,11,7,0,1,0,0,2.9,3.3,2.65,2.7,3.1,2.45,2.65,3.05,2.45,2.7,3.25,2.6,2.84,3.35,2.67,2.8,3.1,2.62,2.75,3.3,2.63,55,2.9,2.75,3.35,3.18,2.67,2.53,43,2.11,1.99,1.86,1.77,27,0.25,1.73,1.68,2.3,2.19,2.81,3.4,2.67
E3,17/09/16,Grimsby,Crewe,0,2,A,0,1,A,M Salisbury,6,10,2,5,19,13,3,5,2,2,0,0,2,3.8,3.8,1.87,3.3,3.8,1.9,3.35,3.55,1.95,3.5,3.8,1.99,3.71,3.95,2,3.2,4,1.95,3.8,3.8,55,2,1.94,3.8,3.46,4,3.74,45,1.85,1.78,2.08,1.98,29,-0.5,1.99,1.92,1.97,1.89,1.89,3.93,4.12
E3,17/09/16,Hartlepool,Mansfield,0,0,D,0,0,D,D Handley,7,3,3,1,14,11,7,4,0,1,0,0,2.75,3.4,2.75,2.4,3.2,2.7,2.5,3.1,2.55,2.7,3.2,2.62,2.8,3.34,2.72,2.7,3.1,2.7,2.7,3.4,2.7,55,2.8,2.61,3.4,3.2,2.8,2.64,45,2.05,1.95,1.91,1.81,28,0,1.99,1.9,1.98,1.9,3.16,3.3,2.45
E3,17/09/16,Leyton Orient,Yeovil,0,1,A,0,0,D,D Deadman,16,8,6,2,7,13,1,7,1,3,0,0,1.91,3.6,4.5,1.7,3.4,4.5,1.8,3.4,4,1.85,3.6,4.2,1.9,3.74,4.31,1.91,3.1,4.5,1.85,3.7,4.33,54,1.91,1.84,3.74,3.47,4.5,4.18,43,1.98,1.87,1.98,1.87,27,-0.75,2.18,2.08,1.81,1.75,1.91,3.65,4.4
E3,17/09/16,Wycombe,Stevenage,1,0,H,1,0,H,G Horwood,10,6,6,2,7,11,7,2,2,2,0,0,2.45,3.4,3.1,2.35,3.25,2.7,2.3,3.15,2.8,2.4,3.3,2.9,2.47,3.41,3.05,2.5,3.1,2.9,2.4,3.4,3,54,2.5,2.38,3.41,3.25,3.1,2.9,44,2.06,1.96,1.87,1.8,29,-0.25,2.11,2.04,1.84,1.78,2.44,3.43,3.09
E3,24/09/16,Carlisle,Wycombe,1,0,H,0,0,D,S Stockbridge,17,14,7,2,9,11,8,2,1,3,0,0,1.75,4,5,1.72,3.6,4.2,1.65,3.45,4.5,1.73,3.6,4.75,1.75,3.93,5.06,1.8,3.5,4.5,1.73,4,4.8,55,1.8,1.72,4,3.64,5.06,4.63,43,2.02,1.94,1.9,1.81,28,-0.5,1.76,1.72,2.21,2.14,1.69,4.14,5.17
E3,24/09/16,Colchester,Accrington,1,2,A,1,0,H,G Horwood,7,6,4,6,14,15,6,4,2,3,0,1,2.3,3.75,3.1,2.15,3.3,3,2.15,3.3,2.9,2.25,3.5,3,2.32,3.89,2.96,2.25,3.2,3.3,2.3,3.75,3,55,2.34,2.22,3.89,3.48,3.3,3,42,1.86,1.77,2.09,1.99,28,-0.25,2.04,1.96,1.95,1.87,2.17,3.68,3.42
E3,24/09/16,Crewe,Blackpool,1,1,D,0,1,A,C Boyeson,7,12,4,7,8,14,8,4,1,3,0,0,2.8,3.5,2.63,2.55,3.3,2.45,2.65,3.15,2.4,2.8,3.3,2.4,2.95,3.51,2.49,2.7,3.2,2.62,2.8,3.5,2.5,56,2.95,2.76,3.51,3.3,2.7,2.46,43,1.98,1.88,1.98,1.87,27,0,2.14,2.03,1.84,1.78,2.97,3.49,2.49
E3,24/09/16,Luton,Doncaster,3,1,H,2,1,H,A Haines,10,8,6,2,6,15,8,6,1,2,1,0,3,3.4,2.5,2.7,3.3,2.35,2.7,3.2,2.35,2.8,3.4,2.4,2.97,3.53,2.48,2.88,3.2,2.62,2.9,3.5,2.45,55,3,2.81,3.53,3.31,2.62,2.42,43,1.9,1.82,2.04,1.94,22,0,2.14,2.06,1.81,1.76,2.77,3.65,2.56
E3,24/09/16,Mansfield,Grimsby,0,1,A,0,1,A,G Eltringham,13,5,5,1,11,14,10,3,2,1,0,0,2.6,3.4,2.88,2.35,3.25,2.75,2.45,3.1,2.65,2.6,3.25,2.7,2.71,3.35,2.79,2.5,3.3,2.75,2.63,3.4,2.75,56,2.71,2.53,3.4,3.24,3,2.73,43,2.1,1.99,1.87,1.77,30,-0.25,2.29,2.18,1.73,1.69,2.99,3.25,2.6
E3,24/09/16,Morecambe,Crawley Town,2,3,A,0,0,D,C Sarginson,9,16,6,6,8,11,3,7,1,1,0,0,2.45,3.7,2.88,2.3,3.25,2.8,2.25,3.25,2.75,2.38,3.5,2.8,2.49,3.77,2.79,2.4,3.2,3,2.38,3.7,2.88,55,2.5,2.37,3.77,3.4,3,2.81,42,1.86,1.78,2.11,1.98,28,-0.25,2.1,2.05,1.83,1.79,2.2,3.73,3.3
E3,24/09/16,Newport County,Cambridge,1,2,A,1,0,H,N Kinseley,14,13,8,3,17,12,7,2,2,3,0,0,3,3.4,2.5,2.75,3.1,2.4,2.7,3.15,2.35,2.9,3.3,2.4,2.99,3.54,2.45,2.75,3.3,2.5,2.88,3.5,2.45,56,3,2.8,3.54,3.3,2.6,2.43,44,2.1,1.96,1.89,1.8,29,0.25,1.81,1.76,2.15,2.08,2.78,3.44,2.68
E3,24/09/16,Notts County,Leyton Orient,3,1,H,0,0,D,B Malone,11,13,3,4,13,15,5,3,2,1,1,0,2.75,3.4,2.7,2.7,3.2,2.4,2.6,3.1,2.45,2.7,3.1,2.62,2.81,3.26,2.76,2.75,3.2,2.6,2.75,3.4,2.63,56,2.9,2.71,3.4,3.2,2.76,2.56,44,1.92,1.85,2.03,1.9,27,0,2.01,1.94,1.94,1.86,3.02,3.25,2.59
E3,24/09/16,Plymouth,Hartlepool,1,1,D,0,1,A,G Ward,9,12,3,3,11,17,4,7,1,4,0,1,1.85,3.75,4.5,1.72,3.6,4.2,1.75,3.45,3.95,1.85,3.6,4,1.93,3.74,4.19,1.91,3.3,4.2,1.87,3.75,4.2,56,1.92,1.82,3.75,3.56,4.53,4.15,43,1.91,1.81,2.05,1.95,30,-0.5,1.92,1.83,2.04,1.98,1.85,3.86,4.48
E3,24/09/16,Portsmouth,Barnet,5,1,H,1,1,D,D England,16,6,7,2,9,15,7,4,2,2,0,1,1.57,4.33,6.5,1.5,4,5.5,1.5,3.9,5.75,1.53,4,6,1.54,4.4,6.75,1.53,3.75,7,1.53,4.33,6.5,56,1.57,1.51,4.45,4.04,7,6.2,44,1.89,1.79,2.07,1.96,32,-1,1.95,1.87,1.99,1.93,1.57,4.41,6.21
E3,24/09/16,Stevenage,Exeter,0,2,A,0,0,D,O Yates,21,8,5,6,10,14,7,6,2,3,0,1,2.63,3.6,2.75,2.35,3.2,2.75,2.4,3.2,2.6,2.5,3.4,2.62,2.67,3.64,2.68,2.5,3.2,2.88,2.55,3.6,2.7,55,2.67,2.52,3.64,3.34,2.88,2.67,42,1.95,1.86,1.98,1.89,30,-0.25,2.27,2.18,1.75,1.69,2.71,3.41,2.75
E3,24/09/16,Yeovil,Cheltenham,4,2,H,3,1,H,G Salisbury,12,13,8,6,12,13,7,4,3,2,0,0,2.6,3.3,3,2.4,3.2,2.7,2.4,3.05,2.7,2.5,3.1,2.8,2.62,3.3,2.94,2.62,3.2,2.7,2.55,3.3,2.88,55,2.62,2.5,3.31,3.18,3,2.8,42,2.21,2.1,1.79,1.69,29,0,1.86,1.8,2.09,2,3.07,3.15,2.62
E3,27/09/16,Accrington,Mansfield,1,1,D,0,1,A,D England,11,7,2,4,23,17,3,7,2,1,0,0,2.45,3.3,3.2,2.25,3.2,2.9,2.25,3,3,2.3,3.1,3.1,2.45,3.29,3.2,2.25,3.2,3.2,2.38,3.3,3.13,56,2.45,2.32,3.4,3.16,3.2,3.1,37,2.44,2.28,1.67,1.57,31,-0.25,2.07,1.99,1.88,1.83,2.4,3.31,3.27
E3,27/09/16,Barnet,Morecambe,2,2,D,2,1,H,G Ward,15,12,7,4,9,8,9,5,0,0,0,0,1.95,3.8,4,1.8,3.4,4,1.85,3.5,3.6,1.91,3.75,3.6,1.98,3.85,3.85,1.95,3.3,4,1.95,3.9,3.7,55,2,1.91,3.9,3.61,4,3.7,41,1.73,1.66,2.3,2.14,30,-0.5,1.97,1.91,1.95,1.9,1.96,3.79,3.97
E3,27/09/16,Blackpool,Portsmouth,3,1,H,1,1,D,D Webb,11,11,4,4,12,11,3,9,1,2,0,0,3.6,3.5,2.15,3.3,3.2,2.05,3.35,3.15,2,3.5,3.4,2.05,3.75,3.56,2.1,3.6,3.25,2.1,3.6,3.5,2.1,56,3.75,3.47,3.56,3.33,2.15,2.07,44,2.05,1.95,1.88,1.8,31,0.25,2.11,2.03,1.83,1.79,3.32,3.55,2.24
E3,27/09/16,Cambridge,Yeovil,1,0,H,0,0,D,M Haywood,13,5,4,0,9,10,11,2,1,3,0,0,2.25,3.4,3.5,2.1,3.2,3.2,2.1,3.1,3.2,2.2,3.25,3.3,2.26,3.41,3.46,2.25,3.2,3.2,2.25,3.4,3.3,56,2.3,2.18,3.41,3.25,3.54,3.28,44,2.27,2.12,1.75,1.68,31,-0.25,1.96,1.89,1.98,1.92,2.24,3.37,3.55
E3,27/09/16,Cheltenham,Stevenage,0,0,D,0,0,D,R Jones,10,9,4,4,19,15,3,5,3,2,0,0,2.15,3.6,3.5,2.1,3.2,3.25,2,3.25,3.25,2.1,3.4,3.4,2.11,3.58,3.67,2.2,3.3,3.3,2.15,3.6,3.4,56,2.25,2.08,3.6,3.39,3.67,3.36,45,1.92,1.82,2.03,1.94,31,-0.25,1.87,1.81,2.09,2.01,2.2,3.51,3.5
E3,27/09/16,Crawley Town,Colchester,1,1,D,1,0,H,A Haines,8,10,3,4,17,11,4,5,2,1,0,0,3.1,3.6,2.35,2.85,3.2,2.3,2.9,3.25,2.2,3,3.4,2.25,3.16,3.6,2.32,3,3.3,2.38,3,3.6,2.3,56,3.16,3,3.6,3.34,2.38,2.27,45,1.87,1.8,2.04,1.96,31,0.25,1.9,1.84,2.03,1.97,3.54,3.55,2.18
E3,27/09/16,Doncaster,Carlisle,2,2,D,2,1,H,R Joyce,14,11,4,5,9,8,8,7,1,1,0,0,2.15,3.5,3.6,2.1,3.2,3.2,2.05,3.25,3.25,2.1,3.4,3.5,2.12,3.59,3.65,2.15,3.2,3.5,2.15,3.6,3.4,56,2.15,2.08,3.6,3.37,3.66,3.39,44,1.92,1.84,2.01,1.91,31,-0.25,1.88,1.83,2.07,1.99,2.1,3.65,3.63
E3,27/09/16,Exeter,Notts County,0,2,A,0,2,A,K Johnson,12,5,5,3,8,5,10,3,0,3,0,0,2.5,3.6,2.9,2.4,3.2,2.7,2.3,3.2,2.7,2.4,3.4,2.8,2.5,3.55,2.91,2.5,3.1,2.9,2.45,3.6,2.8,56,2.51,2.4,3.6,3.36,2.91,2.79,44,1.89,1.8,2.06,1.96,29,-0.25,2.13,2.07,1.82,1.76,2.36,3.57,3.09
E3,27/09/16,Grimsby,Newport County,1,0,H,0,0,D,B Toner,14,10,6,6,8,7,9,7,2,3,0,0,1.8,3.9,4.75,1.8,3.4,4,1.7,3.5,4.1,1.75,3.6,4.33,1.82,3.88,4.61,1.8,3.6,4.4,1.8,3.9,4.3,56,1.83,1.77,3.9,3.63,4.75,4.29,44,1.83,1.75,2.13,2.01,31,-0.75,2.07,2,1.86,1.81,1.88,3.68,4.51
E3,27/09/16,Hartlepool,Luton,1,1,D,1,0,H,S Stockbridge,10,16,3,7,7,6,2,5,1,2,1,0,3.6,3.7,2.1,3.4,3.25,2,3.3,3.3,2,3.3,3.4,2.1,3.55,3.55,2.17,3.4,3.3,2.15,3.4,3.7,2.1,56,3.6,3.37,3.7,3.43,2.17,2.06,43,1.86,1.77,2.11,1.99,31,0.25,2.06,2.01,1.88,1.81,3.6,3.61,2.12
E3,27/09/16,Leyton Orient,Plymouth,0,2,A,0,1,A,C Breakspear,4,25,1,11,8,18,2,11,1,3,2,0,2.3,3.5,3.25,2.2,3.2,3,2.1,3.2,3.05,2.25,3.3,3.1,2.27,3.53,3.31,2.25,3.3,3.2,2.3,3.5,3.13,56,2.38,2.22,3.53,3.31,3.31,3.13,44,2.02,1.94,1.9,1.82,31,-0.25,2,1.94,1.95,1.88,2.24,3.47,3.43
E3,27/09/16,Wycombe,Crewe,5,1,H,3,0,H,J Busby,14,7,10,5,16,7,2,5,2,0,0,0,2.6,3.5,2.8,2.45,3.2,2.65,2.4,3.1,2.7,2.4,3.25,2.9,2.54,3.37,2.98,2.6,3.2,2.75,2.45,3.5,2.9,53,2.6,2.45,3.5,3.23,2.98,2.83,43,2.13,2.02,1.8,1.74,30,-0.25,2.19,2.09,1.8,1.74,2.29,3.58,3.23
E3,01/10/16,Barnet,Leyton Orient,0,0,D,0,0,D,D Handley,5,13,3,4,12,12,3,6,1,3,0,0,2.55,3.6,2.8,2.4,3.2,2.7,2.45,3.2,2.6,2.5,3.4,2.62,2.66,3.5,2.75,2.62,3.2,2.7,2.55,3.6,2.7,51,2.66,2.51,3.6,3.3,2.8,2.69,46,1.83,1.74,2.21,2.03,26,0,1.93,1.85,2.01,1.95,2.77,3.4,2.7
E3,01/10/16,Cambridge,Accrington,2,1,H,1,0,H,O Yates,8,16,3,5,16,13,2,5,0,3,2,0,2.7,3.4,2.8,2.5,3.1,2.65,2.5,3.05,2.6,2.62,3.1,2.75,2.77,3.27,2.8,2.7,3.1,2.7,2.63,3.4,2.75,50,2.77,2.59,3.4,3.2,2.8,2.67,44,2.2,2.08,1.78,1.71,27,-0.25,2.31,2.21,1.71,1.66,2.68,3.26,2.9
E3,01/10/16,Carlisle,Colchester,2,0,H,0,0,D,G Salisbury,14,13,5,1,5,4,9,14,0,1,0,0,2,3.8,3.75,1.91,3.3,3.6,1.9,3.4,3.4,1.95,3.6,3.6,2.03,3.79,3.73,2,3.4,3.8,2,3.8,3.6,51,2.05,1.97,3.8,3.5,3.8,3.6,45,1.76,1.69,2.24,2.11,27,-0.5,2.05,1.98,1.91,1.84,1.78,4.07,4.58
E3,01/10/16,Cheltenham,Luton,1,1,D,0,0,D,T Kettle,19,9,7,3,14,6,8,1,3,1,0,0,3.25,3.5,2.3,3.1,3.2,2.15,3,3.2,2.15,3.1,3.3,2.25,3.3,3.51,2.29,3.2,3.2,2.3,3.13,3.5,2.3,51,3.3,3.11,3.51,3.3,2.3,2.23,46,1.89,1.82,2.04,1.93,28,0.25,1.95,1.87,2.02,1.94,3.33,3.48,2.29
E3,01/10/16,Crawley Town,Blackpool,1,0,H,0,0,D,B Huxtable,11,10,3,4,13,12,3,5,1,0,0,0,3.8,3.8,2,3.4,3.4,1.95,3.55,3.35,1.9,3.75,3.5,1.95,3.92,3.94,1.92,3.8,3.4,2,3.8,3.8,1.95,51,3.92,3.7,3.94,3.52,2,1.93,45,1.96,1.84,2.07,1.91,28,0.25,2.24,2.16,1.75,1.7,3.98,3.6,2.01
E3,01/10/16,Crewe,Mansfield,1,1,D,0,0,D,R Joyce,9,8,4,3,14,11,6,4,2,3,0,0,2.88,3.6,2.5,2.6,3.1,2.55,2.7,3.1,2.35,2.88,3.3,2.4,2.99,3.47,2.48,2.8,3.1,2.62,2.8,3.6,2.45,51,2.99,2.79,3.6,3.25,2.63,2.46,45,2.11,2,1.84,1.76,26,0,2.12,2.03,1.84,1.78,2.61,3.41,2.87
E3,01/10/16,Grimsby,Hartlepool,0,3,A,0,2,A,C Sarginson,14,9,7,7,12,9,8,2,0,2,0,0,1.91,3.75,4.33,1.87,3.3,3.8,1.8,3.4,3.95,1.85,3.6,4.2,1.88,3.8,4.37,1.85,3.5,4.2,1.85,3.8,4.2,51,1.91,1.84,3.8,3.52,4.5,4.11,45,1.87,1.8,2.06,1.96,27,-0.5,1.89,1.83,2.06,1.98,1.9,3.77,4.27
E3,01/10/16,Plymouth,Yeovil,4,1,H,2,1,H,S Stockbridge,21,10,12,4,9,20,7,5,2,3,0,0,1.85,3.6,4.75,1.75,3.4,4.2,1.75,3.35,4.15,1.8,3.5,4.5,1.85,3.73,4.59,1.85,3.5,4.2,1.83,3.75,4.4,51,1.85,1.8,3.8,3.48,4.75,4.32,46,2.05,1.97,1.9,1.79,27,-0.5,1.85,1.8,2.11,2.02,1.77,3.77,5.14
E3,01/10/16,Portsmouth,Doncaster,1,2,A,1,2,A,D Deadman,15,6,5,4,10,4,10,4,1,3,0,0,2.2,3.5,3.5,2.05,3.25,3.25,2.05,3.25,3.2,2.15,3.4,3.3,2.18,3.56,3.5,2.25,3.3,3.2,2.2,3.5,3.3,50,2.25,2.13,3.56,3.34,3.5,3.3,44,1.92,1.83,2.02,1.92,28,-0.25,1.9,1.84,2.04,1.96,2.16,3.57,3.54
E3,01/10/16,Wycombe,Exeter,1,0,H,0,0,D,N Kinseley,8,3,1,1,10,15,8,2,2,1,0,0,2.5,3.6,2.9,2.25,3.2,2.9,2.35,3.15,2.75,2.4,3.25,2.8,2.54,3.47,2.91,2.5,3.2,2.9,2.55,3.5,2.75,50,2.57,2.45,3.6,3.27,3,2.8,43,2,1.92,1.98,1.84,28,-0.25,2.22,2.13,1.77,1.72,2.52,3.57,2.87
E3,08/10/16,Accrington,Cheltenham,1,1,D,0,0,D,N Miller,14,8,4,3,6,8,8,2,0,2,0,1,2.25,3.4,3.5,2.1,3.1,3.3,2.1,3.15,3.2,2.15,3.3,3.4,2.2,3.46,3.57,2.25,3.2,3.3,2.25,3.4,3.4,56,2.25,2.15,3.46,3.26,3.6,3.35,48,2.16,2.08,1.77,1.7,30,-0.5,2.24,2.16,1.75,1.7,2.2,3.44,3.57
E3,08/10/16,Blackpool,Cambridge,1,1,D,0,1,A,R Clark,16,4,6,3,14,13,8,4,2,1,0,0,1.95,3.7,4.1,1.91,3.25,3.7,1.85,3.3,3.7,1.91,3.5,3.8,1.96,3.68,4.11,1.95,3.4,4,1.93,3.7,4,56,1.99,1.91,3.7,3.49,4.11,3.85,48,1.97,1.9,1.95,1.84,30,-0.5,1.96,1.91,1.98,1.9,1.86,3.86,4.39
E3,08/10/16,Colchester,Newport County,0,0,D,0,0,D,M Haywood,8,11,4,3,9,11,3,7,0,1,0,0,1.95,3.6,4.2,1.95,3.2,3.6,1.85,3.4,3.6,1.95,3.5,3.75,2.03,3.67,3.84,1.95,3.4,4,2,3.6,3.8,56,2.03,1.93,3.67,3.5,4.2,3.77,51,1.85,1.78,2.09,1.98,26,-0.5,2.03,1.93,1.95,1.87,1.94,3.81,4.04
E3,08/10/16,Doncaster,Barnet,3,2,H,2,0,H,T Kettle,13,11,5,6,9,13,8,6,2,0,0,0,1.62,4.33,5.75,1.55,3.9,5,1.55,3.85,4.9,1.62,4,5,1.63,4.38,5.45,1.62,3.8,5.5,1.62,4.33,5.25,56,1.63,1.59,4.38,3.99,6,5.23,45,1.7,1.6,2.35,2.24,28,-1,2.08,1.99,1.87,1.81,1.59,4.5,5.77
E3,08/10/16,Exeter,Grimsby,0,0,D,0,0,D,J Brooks,17,6,5,0,12,13,9,5,0,2,0,0,3.2,3.4,2.4,2.75,3.1,2.4,2.85,3.15,2.25,3,3.3,2.3,3.17,3.43,2.4,3.1,3.1,2.4,3,3.4,2.38,56,3.2,2.98,3.43,3.25,2.42,2.34,50,1.92,1.85,2.02,1.9,27,0,2.24,2.16,1.74,1.69,2.71,3.3,2.83
E3,08/10/16,Hartlepool,Crawley Town,1,1,D,1,0,H,R Jones,7,10,3,2,10,18,3,7,2,2,0,0,2.05,3.8,3.6,1.95,3.3,3.5,1.95,3.3,3.45,2,3.5,3.6,2.05,3.73,3.71,2.1,3.5,3.4,2.05,3.7,3.5,56,2.1,2.01,3.8,3.46,3.75,3.51,50,2.02,1.93,1.9,1.82,30,-0.5,2.08,2.01,1.88,1.81,2.44,3.66,2.92
E3,08/10/16,Leyton Orient,Portsmouth,0,1,A,0,0,D,C Sarginson,7,17,2,3,7,13,3,7,0,2,0,0,3.8,3.6,2.05,3.5,3.2,2,3.55,3.25,1.9,3.6,3.4,2.05,3.71,3.52,2.12,3.4,3.5,2.1,3.6,3.6,2.05,56,3.9,3.62,3.6,3.39,2.12,2,50,2.1,2,1.86,1.76,30,0.25,2.16,2.08,1.84,1.76,3.34,3.47,2.29
E3,08/10/16,Luton,Crewe,1,1,D,1,0,H,N Kinseley,9,12,3,4,6,7,5,4,2,1,0,0,1.8,4,4.5,1.8,3.6,3.75,1.7,3.55,4.1,1.8,3.75,4.2,1.85,4,4.27,1.83,3.75,4,1.8,4,4.4,56,1.85,1.77,4.01,3.72,4.5,4.22,50,1.82,1.75,2.13,2.02,30,-0.5,1.83,1.76,2.15,2.06,1.76,4.28,4.45
E3,08/10/16,Mansfield,Notts County,3,1,H,0,0,D,C Boyeson,12,9,3,5,17,10,6,6,4,1,0,0,2.3,3.4,3.4,2.25,3.1,3,2.2,3.1,3.05,2.25,3.2,3.25,2.34,3.33,3.36,2.3,3.2,3.2,2.3,3.4,3.2,56,2.38,2.25,3.4,3.22,3.4,3.17,48,2.27,2.12,1.73,1.67,28,-0.25,2.01,1.93,1.95,1.88,2.59,3.39,2.9
E3,08/10/16,Morecambe,Carlisle,0,3,A,0,1,A,K Friend,17,16,7,10,7,11,6,6,2,1,0,0,5.25,4,1.7,4.5,3.6,1.67,4.45,3.8,1.6,4.75,4,1.67,5.09,4.17,1.7,5,3.75,1.7,4.8,4.1,1.7,56,5.35,4.83,4.2,3.88,1.73,1.65,45,1.62,1.58,2.46,2.28,30,0.75,2.05,1.98,1.9,1.84,4.79,4.28,1.71
E3,08/10/16,Stevenage,Plymouth,1,2,A,0,0,D,R Joyce,12,13,3,7,14,13,5,4,4,3,0,0,3.4,3.5,2.25,3,3.2,2.2,3.1,3.15,2.15,3.3,3.3,2.2,3.44,3.45,2.25,3.3,3.3,2.2,3.25,3.5,2.25,56,3.5,3.24,3.5,3.28,2.26,2.19,50,2.07,1.98,1.88,1.78,30,0.25,1.98,1.92,1.95,1.9,3.47,3.45,2.24
E3,08/10/16,Yeovil,Wycombe,1,0,H,1,0,H,L Probert,9,7,3,1,4,10,4,4,0,0,0,0,2.9,3.3,2.63,2.75,2.95,2.5,2.75,3.05,2.4,2.88,3.1,2.5,2.96,3.26,2.62,2.8,3.1,2.62,2.9,3.3,2.55,56,2.96,2.81,3.3,3.15,2.75,2.51,48,2.22,2.1,1.77,1.69,29,0,2.09,2.02,1.85,1.79,2.98,3.25,2.62
E3,11/10/16,Notts County,Morecambe,1,2,A,0,1,A,D Whitestone,20,13,5,6,7,9,4,9,2,1,0,0,1.75,4.1,4.75,1.72,3.5,4.33,1.65,3.7,4.25,1.7,3.8,4.5,1.74,4.08,4.89,1.75,4,4.2,1.7,4.1,4.8,57,1.8,1.7,4.1,3.84,4.89,4.49,44,1.68,1.61,2.33,2.21,30,-0.75,1.97,1.91,1.98,1.91,1.72,4.11,4.93
E3,15/10/16,Accrington,Blackpool,2,1,H,0,0,D,A Haines,13,14,5,7,14,11,3,7,2,0,0,0,2.63,3.6,2.7,2.4,3.2,2.7,2.45,3.15,2.6,2.6,3.3,2.62,2.71,3.48,2.71,2.7,3.1,2.7,2.55,3.6,2.7,49,2.71,2.56,3.6,3.27,2.75,2.66,41,2.01,1.93,1.9,1.83,23,-0.25,2.29,2.21,1.73,1.68,2.74,3.32,2.78
E3,15/10/16,Barnet,Exeter,1,4,A,1,1,D,M Salisbury,10,16,2,8,12,13,2,5,3,1,0,0,2.6,3.4,2.9,2.45,3.1,2.7,2.4,3.2,2.65,2.5,3.3,2.75,2.56,3.51,2.86,2.38,3.2,3,2.55,3.5,2.75,49,2.6,2.47,3.6,3.31,3,2.74,42,1.91,1.82,2.03,1.94,23,-0.25,2.2,2.15,1.77,1.71,2.48,3.67,2.86
E3,15/10/16,Cambridge,Grimsby,0,1,A,0,1,A,C Breakspear,10,8,0,3,14,10,4,4,3,1,0,0,2.7,3.4,2.8,2.5,3.2,2.6,2.5,3.05,2.6,2.62,3.1,2.75,2.74,3.22,2.87,2.7,3.1,2.7,2.63,3.4,2.75,49,2.74,2.59,3.4,3.15,2.87,2.71,43,2.15,2.03,1.83,1.75,22,0,1.94,1.86,2.02,1.94,2.51,3.37,3.03
E3,15/10/16,Carlisle,Hartlepool,3,2,H,1,0,H,D Bond,8,15,4,3,9,7,3,1,1,0,1,0,1.62,4.33,5.75,1.55,3.6,5.5,1.55,3.85,4.85,1.6,4,5.25,1.61,4.37,5.72,1.57,3.6,6.5,1.62,4.33,5.25,49,1.63,1.59,4.37,3.95,6.5,5.34,37,1.7,1.64,2.29,2.17,19,-1,2.04,1.97,1.9,1.82,1.59,4.51,5.74
E3,15/10/16,Cheltenham,Crawley Town,2,1,H,1,0,H,G Horwood,8,6,3,3,17,15,1,6,3,4,0,0,2.15,3.6,3.6,1.95,3.3,3.5,2.05,3.15,3.3,2.1,3.3,3.5,2.16,3.45,3.66,2.2,3.3,3.3,2.15,3.6,3.4,49,2.2,2.09,3.6,3.32,3.66,3.41,40,2.18,2.06,1.78,1.72,23,-0.5,2.19,2.1,1.8,1.74,2.27,3.55,3.3
E3,15/10/16,Doncaster,Colchester,1,0,H,1,0,H,S Stockbridge,6,12,2,4,9,10,2,3,2,2,0,0,1.75,4,5,1.67,3.5,4.6,1.65,3.65,4.3,1.73,3.8,4.5,1.76,4.14,4.63,1.73,3.5,5,1.73,4.1,4.6,49,1.76,1.7,4.14,3.77,5,4.61,36,1.74,1.67,2.23,2.11,23,-0.75,1.99,1.91,1.97,1.91,1.68,4.21,5.17
E3,15/10/16,Leyton Orient,Luton,1,2,A,0,1,A,O Yates,16,14,4,7,12,11,5,5,1,1,0,0,2.9,3.6,2.5,2.65,3.25,2.4,2.65,3.2,2.4,2.8,3.3,2.4,2.9,3.5,2.53,2.7,3.2,2.62,2.75,3.6,2.5,49,2.93,2.74,3.6,3.31,2.62,2.47,42,1.97,1.87,1.98,1.89,21,0.25,1.77,1.72,2.24,2.14,3.01,3.36,2.53
E3,15/10/16,Mansfield,Wycombe,1,1,D,0,1,A,B Huxtable,17,8,7,3,11,20,8,5,2,2,0,0,2.2,3.4,3.6,2,3.25,3.4,2.05,3.1,3.35,2.15,3.2,3.5,2.15,3.41,3.74,2.2,3.2,3.4,2.2,3.4,3.4,49,2.2,2.12,3.41,3.22,3.74,3.44,37,2.36,2.23,1.68,1.61,19,-0.25,1.9,1.86,2.03,1.98,2.23,3.41,3.53
E3,15/10/16,Morecambe,Stevenage,0,2,A,0,1,A,R Clark,11,15,3,6,12,11,3,6,2,2,0,0,3,3.6,2.4,2.8,3.2,2.35,2.75,3.25,2.3,2.88,3.4,2.38,2.99,3.6,2.42,3,3.2,2.4,2.9,3.6,2.4,49,3,2.86,3.6,3.35,2.5,2.36,42,1.81,1.74,2.15,2.04,20,0,2.16,2.09,1.79,1.74,2.83,3.58,2.55
E3,15/10/16,Notts County,Crewe,1,1,D,0,0,D,L Probert,13,9,3,5,5,6,7,6,0,0,0,0,2.3,3.5,3.25,2.05,3.25,3.3,2.15,3.25,3,2.15,3.5,3.1,2.25,3.8,3.15,2.2,3.2,3.4,2.2,3.8,3.1,49,2.3,2.19,3.8,3.41,3.4,3.11,42,1.87,1.77,2.11,1.99,20,-0.25,1.97,1.91,1.98,1.9,2.19,3.81,3.26
E3,15/10/16,Plymouth,Portsmouth,2,2,D,1,1,D,D Handley,8,14,2,7,13,15,6,5,3,2,0,0,3.3,3.5,2.3,2.9,3.2,2.25,3.05,3.15,2.15,3.1,3.3,2.2,3.31,3.53,2.27,3.2,3.2,2.3,3.2,3.5,2.25,49,3.31,3.11,3.53,3.29,2.4,2.23,41,2.05,1.96,1.89,1.8,20,0.25,1.95,1.89,1.98,1.92,3.08,3.55,2.38
E3,15/10/16,Yeovil,Newport County,1,0,H,0,0,D,D Whitestone,11,13,5,2,2,14,9,5,0,1,0,0,2.55,3.3,3,2.2,3.25,3,2.35,3.1,2.8,2.4,3.3,2.9,2.48,3.53,2.95,2.5,3.2,2.88,2.45,3.5,2.88,49,2.55,2.41,3.53,3.25,3.02,2.85,39,2.18,2.06,1.79,1.72,23,-0.25,2.14,2.09,1.81,1.76,2.57,3.42,2.91
E3,22/10/16,Blackpool,Doncaster,4,2,H,2,1,H,D Whitestone,11,6,5,2,15,11,4,4,3,1,0,0,3,3.4,2.5,2.75,3.4,2.25,2.7,3.2,2.35,2.8,3.4,2.4,2.88,3.62,2.49,3,3.2,2.4,2.8,3.5,2.5,52,3,2.81,3.62,3.33,2.5,2.4,45,1.93,1.83,2.07,1.91,28,0.25,1.8,1.75,2.16,2.1,2.76,3.5,2.65
E3,22/10/16,Colchester,Morecambe,2,2,D,2,1,H,G Ward,20,8,10,4,7,19,5,2,1,4,0,0,1.75,4,5,1.67,3.6,4.4,1.7,3.7,4.1,1.75,3.8,4.33,1.78,4.11,4.57,1.75,3.5,5,1.75,4.1,4.5,53,1.8,1.72,4.11,3.79,5,4.39,44,1.7,1.62,2.37,2.22,24,-0.5,1.77,1.71,2.2,2.11,1.65,4.3,5.34
E3,22/10/16,Crawley Town,Accrington,0,0,D,0,0,D,B Malone,6,20,2,9,11,8,1,6,2,1,0,0,3.1,3.5,2.38,2.75,3.2,2.35,2.9,3.15,2.25,3.1,3.3,2.3,3.19,3.54,2.33,3,3.4,2.3,3.1,3.5,2.3,53,3.19,3,3.54,3.28,2.4,2.3,43,2.15,2.02,1.8,1.73,23,0.25,1.9,1.83,2.05,1.98,2.96,3.53,2.47
E3,22/10/16,Crewe,Yeovil,0,1,A,0,0,D,C Sarginson,5,8,0,5,12,7,8,6,1,1,0,0,2.2,3.4,3.6,2.2,3.25,2.95,2.05,3.15,3.25,2.15,3.3,3.4,2.21,3.47,3.51,2.2,3.3,3.3,2.15,3.5,3.4,53,2.21,2.13,3.5,3.31,3.6,3.31,39,2,1.91,1.97,1.81,27,-0.25,1.91,1.85,2.05,1.97,2.16,3.38,3.75
E3,22/10/16,Exeter,Cambridge,1,2,A,0,2,A,R Jones,9,9,3,6,14,19,6,3,1,3,0,0,2.1,3.6,3.75,2.1,3.2,3.2,2.05,3.2,3.25,2.05,3.3,3.5,2.09,3.53,3.79,2.15,3.4,3.3,2.15,3.6,3.4,53,2.15,2.08,3.6,3.33,3.79,3.42,41,2.1,1.97,1.87,1.77,27,-0.25,1.87,1.81,2.1,2.01,2.18,3.55,3.51
E3,22/10/16,Grimsby,Cheltenham,0,1,A,0,1,A,D Deadman,14,8,6,1,14,9,5,3,1,3,0,0,2,3.75,3.8,1.91,3.3,3.6,1.9,3.25,3.55,2,3.4,3.75,2.01,3.72,3.88,2,3.4,3.75,2,3.7,3.7,53,2.02,1.97,3.75,3.42,3.9,3.66,46,2.05,1.94,1.92,1.81,27,-0.25,1.78,1.73,2.2,2.13,2.33,3.56,3.17
E3,22/10/16,Hartlepool,Leyton Orient,1,3,A,1,0,H,D Webb,10,10,3,5,7,11,6,8,3,2,0,0,3.1,3.6,2.38,2.65,3.3,2.4,2.8,3.15,2.3,2.9,3.3,2.38,3.06,3.49,2.43,3.1,3.1,2.4,2.9,3.6,2.38,53,3.1,2.91,3.6,3.29,2.43,2.35,46,1.99,1.9,1.95,1.85,22,0.25,1.85,1.78,2.12,2.04,2.88,3.36,2.63
E3,22/10/16,Luton,Mansfield,1,1,D,0,1,A,G Salisbury,16,7,4,4,13,14,13,5,1,3,0,0,2,3.75,3.8,1.9,3.4,3.6,1.9,3.25,3.65,1.95,3.5,3.8,2.07,3.73,3.65,2,3.4,3.8,2,3.7,3.7,53,2.07,1.96,3.75,3.42,4,3.68,47,2.06,1.97,1.86,1.79,27,-0.5,2.08,1.99,1.94,1.83,2.02,3.78,3.77
E3,22/10/16,Newport County,Plymouth,1,3,A,0,1,A,M Salisbury,15,14,5,4,8,13,6,6,4,1,1,0,3.5,3.6,2.15,3.1,3.4,2.05,3.2,3.15,2.05,3.4,3.3,2.1,3.53,3.64,2.14,3.3,3.3,2.2,3.4,3.6,2.15,53,3.53,3.3,3.64,3.34,2.2,2.12,41,2.1,1.96,1.92,1.77,23,0.25,2.03,1.96,1.91,1.85,3.63,3.53,2.14
E3,22/10/16,Portsmouth,Notts County,1,2,A,1,1,D,N Miller,17,5,7,3,10,7,6,4,1,1,0,1,1.62,4.2,6,1.6,3.8,4.75,1.55,3.8,5,1.57,3.8,5.75,1.6,4.21,6.23,1.62,3.8,5.5,1.6,4.2,5.75,53,1.67,1.58,4.21,3.94,6.23,5.39,47,1.83,1.75,2.12,2,26,-1,2.1,2.01,1.87,1.8,1.52,4.63,6.65
E3,22/10/16,Stevenage,Carlisle,1,2,A,1,1,D,N Kinseley,8,9,5,5,11,10,6,3,4,6,0,0,3.6,3.75,2.1,3.4,3.25,2,3.3,3.35,1.95,3.4,3.6,2.05,3.63,3.75,2.07,3.5,3.5,2.05,3.4,3.75,2.1,53,3.65,3.41,3.75,3.5,2.1,2.02,43,1.8,1.71,2.18,2.06,27,0.5,1.86,1.79,2.11,2.03,3.17,3.69,2.28
E3,22/10/16,Wycombe,Barnet,0,2,A,0,0,D,G Horwood,10,6,2,3,13,15,7,2,0,3,1,0,2.2,3.5,3.5,2.05,3.2,3.3,2.05,3.2,3.2,2.1,3.3,3.4,2.17,3.51,3.57,2.2,3.3,3.3,2.15,3.5,3.5,53,2.3,2.13,3.51,3.29,3.57,3.32,45,2.08,1.97,1.86,1.78,27,-0.25,1.91,1.84,2.06,1.98,2.02,3.67,3.88
E3,25/10/16,Newport County,Barnet,2,2,D,1,0,H,G Salisbury,14,15,6,6,16,12,7,2,3,3,0,0,2.7,3.4,2.8,2.45,3.3,2.55,2.5,3.1,2.6,2.6,3.2,2.75,2.66,3.31,2.87,2.6,3.2,2.75,2.6,3.4,2.75,55,2.8,2.56,3.4,3.22,2.88,2.72,48,2.04,1.94,1.9,1.81,28,-0.25,2.28,2.2,1.72,1.67,2.69,3.3,2.86
E3,29/10/16,Accrington,Newport County,1,3,A,0,0,D,R Jones,12,11,3,4,15,13,7,9,2,3,0,0,1.91,3.75,4.33,1.75,3.4,4.2,1.75,3.3,4.15,1.8,3.6,4.33,1.85,3.85,4.42,1.83,3.5,4.33,1.83,3.8,4.3,55,1.91,1.81,3.85,3.5,4.5,4.27,47,2.04,1.95,1.87,1.79,26,-0.5,1.86,1.81,2.09,1.99,1.83,3.97,4.41
E3,29/10/16,Barnet,Hartlepool,3,2,H,0,1,A,N Kinseley,11,13,6,6,12,13,6,6,2,3,0,1,2.38,3.75,3,2.2,3.2,3,2.2,3.25,2.9,2.3,3.4,2.9,2.4,3.69,2.98,2.3,3.4,3,2.3,3.7,3,55,2.4,2.27,3.75,3.41,3.1,2.95,48,1.87,1.8,2.08,1.95,30,-0.25,2.03,1.96,1.92,1.85,2.39,3.82,2.9
E3,29/10/16,Cambridge,Portsmouth,0,1,A,0,1,A,R Joyce,9,3,4,2,13,12,5,1,3,4,0,1,5,4,1.75,4,3.4,1.8,4.3,3.45,1.7,4.5,3.6,1.75,4.73,3.82,1.81,4.5,3.4,1.83,4.6,3.9,1.75,55,5,4.48,4,3.57,1.83,1.76,47,2.09,1.99,1.86,1.77,29,0.5,2.16,2.06,1.81,1.77,4.13,3.82,1.92
E3,29/10/16,Carlisle,Crawley Town,3,1,H,3,0,H,O Yates,7,11,4,4,16,7,5,5,1,1,0,0,1.62,4.33,5.75,1.57,3.5,5.5,1.55,3.8,4.85,1.57,4,5.5,1.63,4.32,5.6,1.62,3.8,5.5,1.62,4.33,5.25,55,1.63,1.59,4.33,3.96,5.75,5.29,45,1.77,1.68,2.18,2.09,33,-1,2.1,2,1.86,1.8,1.58,4.53,5.81
E3,29/10/16,Cheltenham,Blackpool,2,2,D,2,1,H,G Ward,11,14,4,8,8,13,4,7,5,3,0,0,3.2,3.4,2.38,3,3.1,2.25,2.95,3.1,2.2,3.1,3.3,2.3,3.2,3.46,2.36,3.1,3.1,2.4,3.25,3.4,2.3,55,3.25,3.08,3.46,3.25,2.5,2.28,47,2.05,1.97,1.86,1.78,26,0,2.33,2.25,1.72,1.64,3.04,3.49,2.44
E3,29/10/16,Doncaster,Wycombe,2,2,D,2,1,H,L Probert,5,11,3,7,9,14,4,6,1,2,0,0,1.75,3.8,5.25,1.65,3.6,4.6,1.65,3.5,4.45,1.75,3.6,4.5,1.8,3.87,4.74,1.75,3.5,5,1.8,3.8,4.6,54,1.8,1.73,3.87,3.62,5.25,4.62,46,1.97,1.88,1.96,1.86,30,-0.75,2.05,1.96,1.9,1.85,1.79,3.81,4.88
E3,29/10/16,Leyton Orient,Crewe,0,2,A,0,2,A,A Haines,6,4,2,3,10,8,5,0,0,2,0,0,2.05,3.8,3.6,1.95,3.3,3.5,1.95,3.3,3.35,2.05,3.5,3.4,2.15,3.75,3.41,2.1,3.4,3.5,2.05,3.75,3.5,55,2.15,2.05,3.8,3.45,3.65,3.42,47,1.96,1.86,1.98,1.88,29,-0.5,2.12,2.02,1.85,1.79,2.24,3.74,3.22
E3,29/10/16,Mansfield,Stevenage,1,2,A,0,1,A,M Heywood,14,7,3,4,8,14,6,1,1,6,0,0,2.15,3.6,3.6,1.95,3.3,3.5,2,3.2,3.35,2.05,3.3,3.5,2.11,3.6,3.62,2.1,3.3,3.5,2.1,3.6,3.5,55,2.15,2.07,3.6,3.36,3.62,3.45,48,2.11,2.02,1.81,1.74,29,-0.5,2.13,2.07,1.81,1.76,2.13,3.61,3.59
E3,29/10/16,Morecambe,Exeter,0,3,A,0,3,A,B Toner,15,7,4,4,10,10,9,5,2,2,0,0,3.4,3.75,2.15,3,3.3,2.15,3.2,3.4,2,3.25,3.6,2.1,3.41,3.79,2.14,3.3,3.3,2.2,3.3,3.75,2.15,55,3.45,3.27,3.79,3.52,2.2,2.08,45,1.75,1.66,2.25,2.13,30,0.25,2.08,2,1.87,1.81,3.59,3.76,2.08
E3,29/10/16,Notts County,Luton,0,0,D,0,0,D,M Salisbury,14,13,6,4,19,11,6,3,3,2,0,0,3.1,3.6,2.38,2.85,3.2,2.3,2.85,3.2,2.25,3,3.4,2.25,3.03,3.63,2.38,3.1,3.1,2.4,3.13,3.6,2.25,55,3.2,2.97,3.63,3.34,2.4,2.3,46,1.87,1.81,2.05,1.94,26,0,2.33,2.22,1.73,1.66,3.21,3.79,2.23
E3,29/10/16,Plymouth,Colchester,2,1,H,1,1,D,K Johnson,9,10,2,4,13,17,6,5,2,1,0,0,2.1,3.8,3.5,1.91,3.4,3.5,1.95,3.4,3.35,2,3.6,3.5,2.02,3.97,3.6,2,3.5,3.6,2,3.9,3.5,55,2.1,1.99,3.97,3.58,3.6,3.46,44,1.83,1.72,2.16,2.04,29,-0.5,2.05,1.98,1.91,1.83,1.88,4.08,4.04
E3,29/10/16,Yeovil,Grimsby,0,0,D,0,0,D,B Malone,6,11,1,3,12,8,4,5,3,1,0,0,3,3.25,2.6,2.75,3.1,2.4,2.8,3.05,2.35,2.9,3.1,2.5,3.08,3.2,2.58,3,3.1,2.5,2.9,3.3,2.55,55,3.08,2.89,3.3,3.12,2.6,2.46,45,2.27,2.1,1.73,1.68,28,0,2.13,2.05,1.83,1.77,2.75,3.19,2.88
E3,12/11/16,Blackpool,Notts County,4,0,H,1,0,H,R Jones,20,5,7,2,14,12,3,5,2,2,0,1,1.85,3.75,4.5,1.87,3.5,3.6,1.75,3.45,3.9,1.83,3.5,4.33,1.87,3.66,4.59,1.91,3.3,4.2,1.87,3.75,4.2,53,1.95,1.84,3.75,3.52,4.59,4.11,48,1.83,1.76,2.11,2,25,-0.5,1.87,1.83,2.05,1.98,1.98,3.6,4.12
E3,12/11/16,Colchester,Leyton Orient,0,3,A,0,1,A,D Whitestone,11,8,3,6,10,12,3,8,0,2,0,0,2.25,3.5,3.4,2.2,3.3,2.9,2.15,3.25,3,2.2,3.3,3.2,2.27,3.52,3.33,2.3,3.2,3.2,2.25,3.5,3.2,53,2.3,2.22,3.52,3.34,3.4,3.11,48,1.85,1.78,2.07,1.98,30,-0.25,1.99,1.92,1.96,1.9,2.3,3.49,3.31
E3,12/11/16,Crawley Town,Cambridge,1,3,A,1,2,A,J Busby,11,11,3,6,16,13,10,2,3,3,0,0,2.9,3.3,2.63,2.6,3.1,2.55,2.7,3.05,2.45,2.8,3.1,2.5,2.97,3.29,2.6,2.75,3.1,2.62,2.88,3.3,2.55,53,2.97,2.8,3.3,3.14,2.63,2.52,48,2.22,2.11,1.76,1.69,28,0,2.09,2.01,1.86,1.8,3.1,3.36,2.48
E3,12/11/16,Crewe,Plymouth,1,2,A,1,1,D,N Miller,10,12,4,3,9,16,3,5,0,1,0,0,3.75,3.5,2.1,3.6,3.1,2,3.4,3.25,1.95,3.5,3.4,2.05,3.7,3.64,2.08,3.6,3.2,2.1,3.6,3.3,2.1,53,3.75,3.51,3.64,3.37,2.1,2.04,47,2.02,1.91,1.93,1.84,30,0.25,2.11,2.05,1.85,1.78,3.51,3.58,2.17
E3,12/11/16,Exeter,Doncaster,1,3,A,0,0,D,C Breakspear,9,9,6,4,11,17,9,5,0,4,0,0,3.3,3.5,2.3,3.1,3.2,2.15,2.9,3.25,2.2,3,3.4,2.25,3.16,3.55,2.34,3.2,3.2,2.3,3.13,3.5,2.3,53,3.3,3.04,3.55,3.34,2.34,2.26,47,1.89,1.8,2.03,1.95,30,0.25,1.91,1.85,2.05,1.96,3.12,3.54,2.37
E3,12/11/16,Grimsby,Barnet,2,2,D,2,0,H,S Stockbridge,15,14,3,7,13,15,3,4,3,2,0,1,1.95,3.8,4,1.91,3.25,3.7,1.8,3.45,3.7,1.85,3.6,4,1.91,3.83,4.17,1.95,3.3,4,1.9,3.8,4,53,1.95,1.88,3.83,3.57,4.17,3.87,48,1.82,1.76,2.09,2.01,29,-0.5,1.92,1.86,2.02,1.95,1.9,3.81,4.22
E3,12/11/16,Hartlepool,Cheltenham,2,0,H,1,0,H,G Salisbury,13,16,2,2,11,18,9,10,0,2,0,0,2.6,3.4,2.88,2.45,3.2,2.65,2.4,3.15,2.65,2.5,3.2,2.8,2.58,3.32,2.97,2.62,3.2,2.7,2.55,3.4,2.8,53,2.7,2.5,3.4,3.22,2.97,2.77,47,1.96,1.86,1.99,1.89,28,0,1.87,1.81,2.1,2,2.64,3.3,2.9
E3,12/11/16,Luton,Accrington,1,0,H,0,0,D,B Huxtable,14,9,6,3,7,11,9,6,1,2,1,0,2.2,3.5,3.5,2.05,3.2,3.3,2,3.25,3.3,2.1,3.4,3.3,2.2,3.62,3.39,2.2,3.2,3.4,2.1,3.6,3.5,53,2.2,2.1,3.62,3.37,3.5,3.34,47,1.98,1.89,1.95,1.86,29,-0.5,2.18,2.08,1.81,1.76,2.19,3.74,3.32
E3,12/11/16,Newport County,Carlisle,2,0,H,1,0,H,D England,13,11,4,3,11,11,1,5,1,2,0,0,3.75,3.7,2.05,3.7,3.25,1.91,3.2,3.4,2,3.4,3.6,2.05,3.67,3.69,2.08,3.6,3.5,2,3.4,3.75,2.05,53,3.8,3.46,3.75,3.5,2.13,2.01,48,1.77,1.69,2.25,2.1,29,0.5,1.84,1.79,2.13,2.03,3.55,3.44,2.21
E3,12/11/16,Portsmouth,Mansfield,4,0,H,1,0,H,R East,21,12,7,3,11,10,7,1,2,0,0,2,1.62,4,6.5,1.62,3.6,5,1.55,3.6,5.25,1.62,3.75,5.75,1.65,3.89,6.12,1.67,3.75,5,1.62,4,5.75,53,1.67,1.59,4,3.75,6.5,5.66,48,2.15,2.01,1.83,1.75,30,-0.75,1.85,1.77,2.16,2.06,1.64,4.11,5.79
E3,12/11/16,Stevenage,Yeovil,2,2,D,0,0,D,G Ward,13,13,6,5,10,13,4,5,3,1,0,0,2.2,3.4,3.6,2.1,3.3,3.1,2.05,3.15,3.2,2.15,3.25,3.4,2.24,3.37,3.55,2.2,3.2,3.4,2.2,3.25,3.4,53,2.24,2.16,3.5,3.26,3.6,3.32,47,2.14,2.02,1.82,1.75,30,-0.25,1.92,1.86,2.02,1.95,2.33,3.33,3.38
E3,12/11/16,Wycombe,Morecambe,2,0,H,0,0,D,D Handley,20,7,7,1,18,13,9,5,2,4,0,0,1.73,4,5,1.7,3.4,4.6,1.65,3.6,4.5,1.7,3.8,4.75,1.74,4.04,4.99,1.67,3.75,5,1.73,4,4.8,52,1.74,1.69,4.04,3.78,5,4.66,47,1.82,1.74,2.16,2.03,30,-0.75,1.95,1.88,2,1.94,1.78,3.89,4.9
E3,19/11/16,Accrington,Stevenage,0,1,A,0,0,D,M Salisbury,17,6,7,3,11,13,6,5,3,3,0,0,2,3.6,4,1.91,3.3,3.6,1.9,3.25,3.55,2,3.4,3.6,2.07,3.61,3.77,2,3.5,3.6,2.05,3.6,3.6,53,2.07,1.98,3.61,3.42,4,3.68,48,1.99,1.9,1.95,1.86,30,-0.5,2.09,1.98,1.92,1.83,2.28,3.5,3.32
E3,19/11/16,Barnet,Crewe,0,0,D,0,0,D,G Ward,16,8,5,1,13,10,9,5,0,1,0,0,2.6,3.5,2.8,2.4,3.2,2.7,2.35,3.2,2.7,2.5,3.25,2.8,2.62,3.38,2.88,2.62,3.1,2.8,2.5,3.5,2.8,53,2.62,2.46,3.5,3.27,2.9,2.78,48,1.92,1.82,2.02,1.94,31,-0.25,2.2,2.1,1.79,1.74,2.17,3.57,3.51
E3,19/11/16,Cambridge,Wycombe,1,2,A,0,1,A,T Kettle,19,11,6,3,8,16,6,9,2,4,0,0,2.55,3.3,3,2.3,3,3,2.4,3,2.8,2.5,3.1,3,2.53,3.23,3.12,2.5,3.1,3,2.55,3.4,2.88,53,2.6,2.45,3.4,3.11,3.25,2.95,46,2.38,2.24,1.7,1.61,31,-0.25,2.2,2.1,1.8,1.74,2.88,3.19,2.74
E3,19/11/16,Carlisle,Exeter,3,2,H,1,1,D,R Joyce,13,10,4,4,15,10,8,6,2,4,1,0,1.95,3.8,4,1.78,3.5,3.9,1.85,3.5,3.55,1.91,3.75,3.6,1.96,3.92,3.84,1.91,3.4,4.2,1.95,3.9,3.7,53,1.97,1.9,3.92,3.62,4.2,3.75,47,1.73,1.66,2.33,2.16,30,-0.5,1.96,1.9,1.97,1.91,1.92,4.09,3.86
E3,19/11/16,Cheltenham,Portsmouth,1,1,D,0,0,D,J Brooks,8,18,1,11,14,14,4,0,2,3,0,0,4.5,3.6,1.91,3.6,3.3,1.91,3.95,3.35,1.8,4.2,3.5,1.85,4.42,3.77,1.88,3.8,3.6,1.91,4.2,3.75,1.87,53,4.5,4.09,3.77,3.51,1.95,1.85,48,2.02,1.92,1.91,1.84,30,0.5,2.05,1.97,1.88,1.83,4.12,3.73,1.94
E3,19/11/16,Doncaster,Hartlepool,2,1,H,1,1,D,M Haywood,13,4,7,2,6,10,5,6,1,1,0,0,1.73,4,5,1.57,3.75,5,1.65,3.6,4.3,1.7,3.8,4.75,1.73,4.06,4.98,1.75,3.5,5,1.73,4,4.75,52,1.75,1.69,4.06,3.78,5.09,4.69,48,1.74,1.68,2.25,2.13,27,-0.75,1.94,1.87,2.01,1.93,1.66,4.61,4.87
E3,19/11/16,Leyton Orient,Blackpool,1,2,A,0,1,A,B Malone,11,15,2,6,9,13,4,6,1,3,0,0,3,3.6,2.4,2.8,3.2,2.35,2.85,3.2,2.25,3,3.4,2.3,3.14,3.63,2.32,3.1,3.1,2.4,3,3.6,2.3,53,3.15,2.97,3.63,3.34,2.4,2.3,48,1.96,1.86,1.97,1.89,27,0,2.27,2.17,1.73,1.69,2.96,3.61,2.44
E3,19/11/16,Mansfield,Crawley Town,3,1,H,0,0,D,C Boyeson,23,5,11,1,13,19,5,2,1,3,0,0,1.91,3.5,4.75,1.85,3.3,3.9,1.8,3.3,4.05,1.85,3.3,4.33,1.93,3.43,4.66,1.95,3.4,4,1.93,3.5,4.3,53,1.95,1.87,3.5,3.35,4.75,4.23,49,2.19,2.07,1.8,1.72,30,-0.5,1.93,1.86,2.03,1.95,2.05,3.41,4.1
E3,19/11/16,Morecambe,Luton,0,2,A,0,1,A,B Toner,11,13,2,7,8,9,3,6,1,2,1,0,4.5,4,1.8,4.25,3.4,1.75,4.25,3.7,1.65,4.5,3.8,1.73,4.8,4.14,1.74,4.4,3.8,1.75,4.6,4.1,1.73,53,4.8,4.44,4.14,3.83,1.8,1.71,46,1.7,1.64,2.3,2.18,31,0.75,2,1.92,1.98,1.9,4.1,3.95,1.89
E3,19/11/16,Notts County,Newport County,0,3,A,0,2,A,A Haines,9,17,2,10,12,6,6,7,2,1,0,0,2.3,3.5,3.25,2,3.4,3.3,2.15,3.2,3,2.2,3.4,3.2,2.24,3.56,3.36,2.25,3.4,3.1,2.25,3.5,3.2,53,2.3,2.19,3.56,3.36,3.4,3.16,48,1.95,1.86,1.98,1.9,28,-0.25,1.97,1.91,1.98,1.91,2.41,3.42,3.15
E3,19/11/16,Plymouth,Grimsby,0,3,A,0,1,A,R Jones,15,8,5,5,11,10,8,7,0,0,0,0,2,3.6,4,1.85,3.3,3.9,1.85,3.35,3.65,1.95,3.5,3.8,1.99,3.74,3.9,1.83,3.6,4.2,1.95,3.7,3.9,53,2,1.92,3.74,3.46,4.2,3.84,48,1.97,1.86,1.99,1.89,30,-0.5,1.99,1.92,1.95,1.89,1.96,3.8,3.96
E3,19/11/16,Yeovil,Colchester,2,1,H,0,0,D,B Huxtable,15,8,6,2,9,14,4,3,4,3,0,0,2.8,3.4,2.7,2.65,3.1,2.5,2.55,3.1,2.5,2.75,3.2,2.6,2.89,3.3,2.66,2.62,3.3,2.62,2.75,3.4,2.6,53,2.89,2.69,3.4,3.21,2.75,2.58,48,2.02,1.93,1.92,1.83,29,0,2.04,1.95,1.91,1.85,2.58,3.26,3.02
E3,22/11/16,Cheltenham,Colchester,0,3,A,0,0,D,M Haywood,13,7,1,6,15,12,5,2,1,1,1,0,2.25,3.6,3.25,2.15,3.2,3.1,2.15,3.25,2.95,2.25,3.4,3,2.34,3.63,3.1,2.25,3.4,3.1,2.3,3.6,3.1,50,2.35,2.24,3.63,3.38,3.25,3.05,46,1.94,1.85,2,1.9,30,-0.25,2.03,1.96,1.91,1.85,2.31,3.63,3.17
E3,22/11/16,Crewe,Morecambe,2,1,H,2,1,H,T Kettle,13,17,5,6,10,12,1,2,0,2,0,0,1.95,3.7,4.2,1.8,3.5,3.9,1.8,3.45,3.8,1.85,3.6,3.8,1.93,3.86,4.03,1.95,3.5,3.8,1.95,3.8,3.8,50,1.95,1.88,3.86,3.58,4.2,3.89,46,1.86,1.78,2.12,1.99,29,-0.5,1.92,1.85,2.04,1.96,2.04,3.75,3.73
E3,22/11/16,Grimsby,Carlisle,2,2,D,0,1,A,N Miller,12,11,5,2,10,13,7,3,1,2,0,0,2.88,3.4,2.6,2.55,3.2,2.55,2.65,3.15,2.4,2.8,3.4,2.4,2.9,3.52,2.53,2.75,3.4,2.5,2.9,3.5,2.45,50,2.9,2.76,3.52,3.31,2.7,2.48,46,1.91,1.84,2.01,1.92,28,0,2.11,2.02,1.85,1.79,2.8,3.47,2.63
E3,22/11/16,Hartlepool,Accrington,2,0,H,0,0,D,R Clark,11,19,8,4,15,12,6,4,1,5,0,1,2.7,3.4,2.75,2.4,3.2,2.7,2.5,3.15,2.55,2.7,3.25,2.6,2.8,3.4,2.68,2.62,3.2,2.7,2.75,3.4,2.63,50,2.8,2.62,3.4,3.26,2.75,2.63,46,1.98,1.89,1.95,1.86,28,0,2.03,1.93,1.96,1.87,3,3.44,2.5
E3,22/11/16,Leyton Orient,Exeter,0,1,A,0,1,A,T Robinson,10,4,1,3,14,16,6,3,5,4,0,0,2.63,3.4,2.88,2.3,3.2,2.8,2.4,3.15,2.65,2.5,3.2,2.8,2.58,3.35,2.95,2.6,3.4,2.62,2.5,3.4,2.9,50,2.63,2.48,3.4,3.24,3,2.79,46,1.98,1.88,1.95,1.87,29,-0.25,2.23,2.14,1.79,1.7,2.59,3.37,2.92
E3,22/11/16,Luton,Portsmouth,1,3,A,1,2,A,D Coote,8,12,4,6,14,16,3,5,2,3,0,0,3,3.3,2.55,2.65,3.2,2.45,2.75,3.1,2.35,2.9,3.2,2.5,3.06,3.27,2.55,2.8,3.3,2.5,2.9,3.3,2.5,50,3.06,2.85,3.33,3.19,2.63,2.46,46,2.02,1.95,1.9,1.81,28,0,2.14,2.06,1.83,1.76,2.85,3.47,2.59
E3,22/11/16,Mansfield,Blackpool,1,0,H,0,0,D,D Handley,8,8,5,3,12,13,3,1,3,2,0,0,3.1,3.4,2.45,2.85,3.2,2.3,2.95,3.1,2.25,3.1,3.3,2.3,3.23,3.46,2.35,3.1,3.3,2.3,3.25,3.4,2.3,50,3.25,3.04,3.46,3.23,2.6,2.33,46,2.12,2.03,1.81,1.74,30,0.25,1.94,1.85,2.12,1.96,3.32,3.48,2.29
E3,22/11/16,Newport County,Wycombe,0,1,A,0,0,D,J Busby,12,8,3,4,12,9,7,2,4,1,0,0,2.55,3.3,3,2.4,3.2,2.7,2.4,3.05,2.7,2.5,3.1,2.88,2.65,3.26,2.94,2.6,3.2,2.75,2.55,3.4,2.8,50,2.65,2.52,3.4,3.16,3,2.81,46,2.16,2.04,1.82,1.73,29,-0.25,2.25,2.15,1.76,1.7,2.59,3.1,3.16
E3,22/11/16,Notts County,Cambridge,0,1,A,0,1,A,D Webb,9,10,3,3,16,9,6,4,3,1,0,0,2.5,3.4,3,2.3,3.1,2.9,2.35,3.15,2.75,2.4,3.1,3,2.53,3.27,3.09,2.38,3.4,2.9,2.5,3.4,2.9,50,2.55,2.43,3.4,3.22,3.09,2.89,46,1.99,1.9,1.92,1.86,29,-0.25,2.2,2.09,1.8,1.73,2.72,3.39,2.76
E3,22/11/16,Plymouth,Barnet,0,2,A,0,2,A,B Huxtable,15,6,6,4,7,14,2,5,1,1,0,0,1.75,3.9,5,1.62,3.5,5,1.65,3.65,4.5,1.67,3.8,5,1.67,4.14,5.41,1.75,3.75,4.5,1.67,4.1,5,50,1.78,1.69,4.14,3.79,5.41,4.77,47,1.84,1.78,2.07,1.99,30,-0.75,2.03,1.86,2.03,1.94,1.9,3.96,4.07
E3,26/11/16,Accrington,Yeovil,1,1,D,0,0,D,D Whitestone,12,11,4,4,10,15,8,2,0,0,0,0,2.1,3.5,3.8,2.05,3.25,3.25,1.95,3.2,3.55,2,3.3,3.75,2.06,3.52,3.93,2.1,3.3,3.6,2.05,3.5,3.8,48,2.1,2.01,3.52,3.35,3.93,3.67,43,2.14,2.04,1.81,1.73,27,-0.25,1.78,1.73,2.2,2.11,2,3.59,4.05
E3,26/11/16,Barnet,Notts County,3,2,H,1,1,D,D Handley,16,8,5,3,10,13,8,5,1,2,0,0,2.1,3.75,3.5,2.05,3.3,3.2,2.05,3.35,3.1,2.15,3.6,3.2,2.18,3.75,3.33,2.1,3.4,3.5,2.2,3.75,3.2,48,2.2,2.1,3.75,3.5,3.5,3.25,45,1.77,1.71,2.22,2.07,27,-0.25,1.93,1.85,2.02,1.94,2.29,3.6,3.22
E3,26/11/16,Blackpool,Newport County,4,1,H,1,1,D,M Heywood,14,11,4,6,10,17,4,4,1,4,0,0,1.85,4,4.33,1.83,3.4,3.8,1.75,3.5,4,1.8,3.6,4.2,1.83,4.15,4.25,1.85,3.75,4,1.83,4,4.1,48,1.91,1.8,4.15,3.75,4.33,4.06,42,1.83,1.77,2.12,1.98,26,-0.5,1.84,1.78,2.12,2.02,1.85,3.79,4.51
E3,26/11/16,Cambridge,Cheltenham,3,1,H,1,0,H,R Joyce,12,9,6,3,11,17,3,7,1,3,0,0,2.3,3.3,3.5,2.15,3.1,3.2,2.15,3.05,3.15,2.2,3.3,3.25,2.27,3.44,3.41,2.3,3.2,3.2,2.25,3.4,3.3,48,2.3,2.21,3.44,3.23,3.5,3.24,39,2.15,2.06,1.8,1.71,27,-0.25,1.97,1.9,1.97,1.9,2.27,3.45,3.39
E3,26/11/16,Carlisle,Mansfield,5,2,H,1,1,D,S Stockbridge,9,15,8,5,14,15,4,4,2,3,0,0,1.91,3.75,4.33,1.75,3.5,4.1,1.8,3.4,3.95,1.85,3.5,4.2,1.9,3.68,4.4,1.85,3.75,4,1.87,3.75,4.2,47,1.91,1.83,3.75,3.53,4.5,4.15,44,2.02,1.88,2,1.88,25,-0.5,1.9,1.84,2.03,1.96,1.9,3.74,4.31
E3,26/11/16,Colchester,Crewe,4,0,H,1,0,H,N Kinseley,13,8,8,2,9,4,6,4,1,0,0,0,2.1,3.6,3.7,2,3.3,3.4,2,3.25,3.35,2.05,3.4,3.5,2.12,3.55,3.68,2.1,3.4,3.5,2.05,3.6,3.6,48,2.12,2.04,3.6,3.39,3.7,3.51,45,1.95,1.86,1.96,1.9,27,-0.25,1.84,1.77,2.14,2.04,2.2,3.47,3.54
E3,26/11/16,Crawley Town,Grimsby,3,2,H,1,1,D,G Salisbury,18,18,8,6,17,4,5,5,4,1,0,0,3.5,3.5,2.2,3,3.3,2.15,3.2,3.2,2.05,3.3,3.3,2.15,3.46,3.54,2.21,3.3,3.3,2.2,3.3,3.5,2.2,48,3.5,3.29,3.54,3.31,2.21,2.15,45,2.11,2.02,1.84,1.75,27,0.25,2.01,1.94,1.94,1.86,3.61,3.51,2.16
E3,26/11/16,Doncaster,Leyton Orient,3,1,H,1,1,D,R Jones,16,3,6,2,8,14,10,1,0,1,0,0,1.85,3.8,4.5,1.67,3.6,4.4,1.7,3.5,4.15,1.75,3.6,4.5,1.81,3.85,4.69,1.85,3.75,4,1.8,3.75,4.5,48,1.85,1.76,3.85,3.64,4.69,4.39,39,1.97,1.82,2,1.91,27,-0.75,2.05,1.98,1.88,1.82,1.7,4.18,5.06
E3,26/11/16,Exeter,Luton,0,0,D,0,0,D,C Kavanagh,6,8,4,2,17,16,2,3,0,3,0,0,3.1,3.5,2.4,2.95,3.25,2.2,2.8,3.2,2.3,2.9,3.3,2.4,3,3.48,2.48,3.1,3.1,2.4,2.9,3.5,2.45,48,3.1,2.9,3.5,3.3,2.48,2.37,45,2,1.9,1.94,1.85,27,0.25,1.82,1.76,2.14,2.05,2.89,3.42,2.59
E3,26/11/16,Morecambe,Plymouth,2,1,H,1,1,D,D England,17,9,5,4,11,9,10,3,3,1,0,1,4.75,3.8,1.8,3.7,3.6,1.8,4.1,3.6,1.7,4.33,3.8,1.75,4.75,4,1.77,4.2,3.75,1.8,4.4,4,1.8,48,4.75,4.37,4,3.71,1.81,1.75,39,1.75,1.7,2.2,2.07,26,0.5,2.18,2.07,1.8,1.75,4.08,3.73,1.95
E3,26/11/16,Portsmouth,Stevenage,1,2,A,0,0,D,B Toner,15,9,6,6,17,12,4,0,2,3,0,0,1.57,4.2,6.5,1.55,3.7,5.5,1.5,3.85,5.5,1.55,4,6,1.58,4.26,6.39,1.57,3.8,6,1.57,4.2,6,48,1.58,1.54,4.26,4.01,6.5,5.91,39,1.84,1.76,2.1,1.99,30,-1,1.99,1.9,1.95,1.89,1.51,4.51,7.14
E3,26/11/16,Wycombe,Hartlepool,2,0,H,1,0,H,J Adcock,18,6,3,2,12,11,7,1,0,1,0,0,2,3.6,4,1.9,3.2,3.9,1.85,3.3,3.75,1.91,3.4,4,1.95,3.6,4.25,1.91,3.5,4,1.95,3.6,4,48,2,1.91,3.6,3.44,4.25,3.92,45,2.06,1.94,1.9,1.81,26,-0.5,1.96,1.9,1.97,1.89,2,3.61,4.01
